dice,iou,precision,sensitivity,specificity,accuracy,pred_density,gt_density,method
0.41225965284047306,0.25965180867136556,0.5220187830476987,0.34063755278598706,0.9548635435452983,0.8772135416666381,0.08249348958333333,0.12641927083333335,gabor_P10
0.024877218095208452,0.012595276771207649,0.2994652406399319,0.012977649603457366,0.995606713269999,0.8713834635416383,0.005478515625,0.12641927083333335,gabor_P10_iClean
0.024877218095208452,0.012595276771207649,0.2994652406399319,0.012977649603457366,0.995606713269999,0.8713834635416383,0.005478515625,0.12641927083333335,gabor_P10_FillGap
0.3793605142953173,0.23408075493752684,0.5530235769948935,0.2887012050673889,0.9662324305793263,0.8805794270833046,0.06599609375,0.12641927083333335,gabor_P08
0.10495068019257985,0.055381503317942775,0.5689305625935912,0.05780718920587656,0.9936615939544426,0.8753515624999715,0.012845052083333334,0.12641927083333335,gabor_P08_iClean
0.36071805702211185,0.22004637979897362,0.5698398576509287,0.2638788752702998,0.9711734807947052,0.8817578124999713,0.058541666666666665,0.12641927083333335,gabor_Entropy
0.4314062569467476,0.27502739881329596,0.5081875632832275,0.374781130909369,0.9475115887376493,0.8751074218749715,0.093232421875,0.12641927083333335,gabor_Hyst
0.028621580769411327,0.014518562489175506,0.2690192483947341,0.01511484189926483,0.9940565798690959,0.8702994791666383,0.007102864583333333,0.12641927083333335,gabor_Hyst_iClean
0.32845776911321306,0.19649983293509707,0.20648011977157235,0.8025800803376243,0.5536472850307584,0.585117187499981,0.49138671875,0.12641927083333335,gabor_EntSeedGrow
4.965366568185664e-05,2.4827449227860167e-05,0.0006930006929958905,2.5749304768764615e-05,0.9946267010477935,0.868889973958305,0.004697265625,0.12641927083333335,gabor_EntSeedGrow_iClean
4.965366568185664e-05,2.4827449227860167e-05,0.0006930006929958905,2.5749304768764615e-05,0.9946267010477935,0.868889973958305,0.004697265625,0.12641927083333335,gabor_EntSeedGrow_FillGap
0.38163294668975234,0.2358135911807837,0.2599957057906237,0.7171438871148633,0.7046176089192028,0.706201171874977,0.348701171875,0.12641927083333335,gabor_RegionGrow
0.34948641613536335,0.21174404109843772,0.44275502547275275,0.2886754557626201,0.9474221579645202,0.8641438802083051,0.08242513020833334,0.12641927083333335,almeida_P10
0.029579010375092387,0.015011518112544616,0.47063492063118545,0.015269337727877417,0.9975145697634183,0.8733398437499715,0.0041015625,0.12641927083333335,almeida_P10_iClean
0.029579010375092387,0.015011518112544616,0.47063492063118545,0.015269337727877417,0.9975145697634183,0.8733398437499715,0.0041015625,0.12641927083333335,almeida_P10_FillGap
0.31377658944370507,0.18608245353454578,0.4576689539416213,0.23872180451121675,0.959063063600149,0.8679980468749717,0.06594075520833333,0.12641927083333335,almeida_P08
0.054371239693962625,0.02794533099182308,0.7070186735305408,0.028272736636103548,0.9983045415927249,0.8756738281249714,0.005055338541666667,0.12641927083333335,almeida_P08_iClean
0.3544424165272995,0.2153935055735348,0.4382704342877154,0.29753321660307513,0.9448137604149235,0.8629850260416385,0.08582356770833334,0.12641927083333335,almeida_Entropy
0.38075671973971625,0.23514485091981477,0.4269260302020646,0.343598722834395,0.9332548329879964,0.858710937499972,0.10174479166666667,0.12641927083333335,almeida_Hyst
0.032320557149505304,0.016425722831501392,0.3391662377748885,0.01696879184261588,0.9952154536375596,0.8715462239583049,0.006324869791666667,0.12641927083333335,almeida_Hyst_iClean
0.32374540335866764,0.19313617633463787,0.2053928695050048,0.7639561231844774,0.5722936012281613,0.5965234374999806,0.47021484375,0.12641927083333335,almeida_EntSeedGrow
0.0011446831850806896,0.0005726693550310023,0.007749434937010819,0.0006179833144503507,0.988549134757233,0.8636555989583052,0.010081380208333334,0.12641927083333335,almeida_EntSeedGrow_iClean
0.0011446831850806896,0.0005726693550310023,0.007749434937010819,0.0006179833144503507,0.988549134757233,0.8636555989583052,0.010081380208333334,0.12641927083333335,almeida_EntSeedGrow_FillGap
0.3903817196789464,0.24253062011763502,0.27941601297745833,0.6475435163248925,0.7583356933120404,0.7443294270833091,0.29297526041666666,0.12641927083333335,almeida_RegionGrow
0.39319223216227783,0.24470396523623716,0.4980652294083163,0.32480173035319687,0.9526315004992862,0.8732617187499715,0.08244140625,0.12641927083333335,fused_P10
0.04004225317511975,0.020430161435871747,0.4355959379987408,0.02098568338654316,0.9960650459822854,0.8727962239583049,0.006090494791666666,0.12641927083333335,fused_P10_iClean
0.04004225317511975,0.020430161435871747,0.4355959379987408,0.02098568338654316,0.9960650459822854,0.8727962239583049,0.006090494791666666,0.12641927083333335,fused_P10_FillGap
0.36715907744887777,0.22485906151545665,0.5354622180541259,0.27935420743632733,0.9649282318045279,0.8782584635416381,0.06595377604166666,0.12641927083333335,fused_P08
0.06143876830128348,0.031692972755596745,0.5698147311316322,0.03246987331341218,0.9964525793325112,0.8745865885416382,0.007203776041666667,0.12641927083333335,fused_P08_iClean
0.3591257509839861,0.2188624455526337,0.5448973176862191,0.26781851889992075,0.9676297864094674,0.8791601562499713,0.062135416666666665,0.12641927083333335,fused_Entropy
0.4200039735474669,0.2658259682402339,0.4678469807143636,0.3810382119681788,0.9372792177788027,0.8669596354166385,0.10296223958333334,0.12641927083333335,fused_Hyst
0.03621013591000263,0.01843890559379279,0.34559850954659715,0.019105984138423345,0.9947645734897007,0.8714225260416383,0.006988932291666666,0.12641927083333335,fused_Hyst_iClean
0.33402847730797774,0.20050071250211132,0.2118023187565021,0.789808425172317,0.5746597904338668,0.6018587239583137,0.471416015625,0.12641927083333335,fused_EntSeedGrow
0.0007649463342335562,0.0003826195088121141,0.005338672005320859,0.00041198887630023383,0.9888919527208944,0.8639290364583052,0.009755859375,0.12641927083333335,fused_EntSeedGrow_iClean
0.0007649463342335562,0.0003826195088121141,0.005338672005320859,0.00041198887630023383,0.9888919527208944,0.8639290364583052,0.009755859375,0.12641927083333335,fused_EntSeedGrow_FillGap
0.3840082879486331,0.23763010978637175,0.26645101386764647,0.68719744566879,0.7262188669120774,0.7212858072916432,0.326044921875,0.12641927083333335,fused_RegionGrow
0.5009240749819898,0.33415523965270244,0.5176970452948789,0.4852038579568591,0.9557835527538003,0.9138541666666369,0.08350911458333334,0.0891015625,gabor_P10
0.09564864273885745,0.050226363099517675,0.32988580047332494,0.05593307029078769,0.9888860299898156,0.9057584635416371,0.015107421875,0.0891015625,gabor_P10_iClean
0.09564864273885745,0.050226363099517675,0.32988580047332494,0.05593307029078769,0.9888860299898156,0.9057584635416371,0.015107421875,0.0891015625,gabor_P10_FillGap
0.4967115565298055,0.33041666666657493,0.5795936266624861,0.43456817185429103,0.9691667738753459,0.92153320312497,0.066806640625,0.0891015625,gabor_P08
0.12014358778864635,0.06391104501822904,0.46043340637823127,0.06908519655119498,0.9920808496647586,0.909840494791637,0.013369140625,0.0891015625,gabor_P08_iClean
0.4831194605443082,0.318495391019828,0.6312098532614584,0.39131228993117373,0.9776362622753628,0.9253938802083032,0.05523763020833333,0.0891015625,gabor_Entropy
0.5020102567767093,0.3351226262047106,0.49130845370903736,0.5131886599442813,0.948025215489481,0.9092805989583037,0.09306966145833333,0.0891015625,gabor_Hyst
0.08069128816996811,0.04204184958501553,0.2549057703511659,0.04793219348237325,0.9862951527366458,0.9026855468749706,0.016754557291666666,0.0891015625,gabor_Hyst_iClean
0.25909705922958665,0.1488291237620213,0.15261901199064737,0.857007160601762,0.5345533684977724,0.563284505208315,0.5003352864583334,0.0891015625,gabor_EntSeedGrow
0.0,0.0,0.0,0.0,0.9991459039123676,0.9101204427083037,0.0007779947916666666,0.0891015625,gabor_EntSeedGrow_iClean
0.0,0.0,0.0,0.0,0.9991459039123676,0.9101204427083037,0.0007779947916666666,0.0891015625,gabor_EntSeedGrow_FillGap
0.3149559991106359,0.18691262598745345,0.1959449208884589,0.8021701008326749,0.6780164958474248,0.6890787760416442,0.3647688802083333,0.0891015625,gabor_RegionGrow
0.45141456054310614,0.2915012301170946,0.46658608858372325,0.4371985971063725,0.9511092528267024,0.9053190104166372,0.08348958333333334,0.0891015625,almeida_P10
0.32006129764925706,0.19051962860394508,0.6376621960520797,0.21364898436350516,0.9881248481209532,0.9191178385416368,0.029853515625,0.0891015625,almeida_P10_iClean
0.32006129764925706,0.19051962860394508,0.6376621960520797,0.21364898436350516,0.9881248481209532,0.9191178385416368,0.029853515625,0.0891015625,almeida_P10_FillGap
0.43729379828765147,0.27983110184658067,0.5103323910710058,0.3825442057575688,0.9640958017067283,0.9122786458333036,0.06679036458333333,0.0891015625,almeida_P08
0.3006634412027985,0.17692989634472964,0.7262421273607751,0.18957328657014846,0.9930099918521023,0.9214225260416367,0.023258463541666666,0.0891015625,almeida_P08_iClean
0.4503924947347405,0.2906494019965675,0.47316759192192726,0.42970919187475165,0.9531998227482256,0.9065559895833037,0.08091796875,0.0891015625,almeida_Entropy
0.4686918192956306,0.30607282400858216,0.4151842350087635,0.5380315651028285,0.9258687479451332,0.8913118489583043,0.11546549479166666,0.0891015625,almeida_Hyst
0.12773388773385233,0.06822421604333061,0.2647362978280308,0.08417360806660669,0.9771323813199188,0.8975683593749707,0.028330078125,0.0891015625,almeida_Hyst_iClean
0.2787945570266651,0.16197633941074183,0.1653764187620316,0.8873666520528688,0.5619380476578268,0.5909342447916474,0.478095703125,0.0891015625,almeida_EntSeedGrow
0.0,0.0,0.0,0.0,0.9964120817072989,0.9076302083333038,0.0032682291666666667,0.0891015625,almeida_EntSeedGrow_iClean
0.0,0.0,0.0,0.0,0.9964120817072989,0.9076302083333038,0.0032682291666666667,0.0891015625,almeida_EntSeedGrow_FillGap
0.35525641732932267,0.21599501653167705,0.2264875239922997,0.8233961712696101,0.7249274554368853,0.7337011718749761,0.3239290364583333,0.0891015625,almeida_RegionGrow
0.501848080259391,0.3349780977794837,0.5186311194260529,0.4861172000582763,0.9558657461011423,0.9140104166666368,0.083515625,0.0891015625,fused_P10
0.11964527280922302,0.06362909672260156,0.33768878330165,0.07270203127280699,0.9860521463184175,0.9046712239583039,0.019182942708333334,0.0891015625,fused_P10_iClean
0.11964527280922302,0.06362909672260156,0.33768878330165,0.07270203127280699,0.9860521463184175,0.9046712239583039,0.019182942708333334,0.0891015625,fused_P10_FillGap
0.49247343257396237,0.3266764534802297,0.5746163215587943,0.43087826976456567,0.968798690624206,0.9208691406249699,0.06681315104166667,0.0891015625,fused_P08
0.16636895595929585,0.09073196949844109,0.529815613965222,0.0986774806371114,0.9914340237574155,0.9118880208333037,0.016595052083333332,0.0891015625,fused_P08_iClean
0.4968588917524773,0.33054707174614734,0.5534720976132453,0.4507525938914033,0.9644281487198935,0.9186588541666367,0.07256510416666667,0.0891015625,fused_Entropy
0.5055711551874331,0.3383039325976356,0.4952174065377894,0.5163670904572131,0.9485148019497353,0.9100097656249704,0.09290690104166667,0.0891015625,fused_Hyst
0.047094282754058865,0.02411498022570846,0.1674480910913877,0.027400263042515197,0.9866739568591782,0.9012011718749706,0.014580078125,0.0891015625,fused_Hyst_iClean
0.275523660216523,0.1597723632735474,0.16301559768812907,0.8892664036238166,0.5533827922866706,0.583310546874981,0.48605794270833336,0.0891015625,fused_EntSeedGrow
0.0,0.0,0.0,0.0,0.9971911316951485,0.9083398437499703,0.00255859375,0.0891015625,fused_EntSeedGrow_iClean
0.0,0.0,0.0,0.0,0.9971911316951485,0.9083398437499703,0.00255859375,0.0891015625,fused_EntSeedGrow_FillGap
0.34347121457671237,0.20734394572500367,0.2166440567858096,0.8284743533534895,0.7069735694783685,0.7177994791666433,0.34073567708333335,0.0891015625,fused_RegionGrow
0.5600354639870472,0.3889230949657288,0.5271628979054456,0.5972803818269182,0.9582513131993305,0.9321549479166363,0.08191080729166667,0.072294921875,gabor_P10
0.05577267546000009,0.028686293395858833,0.2908704883214825,0.03084335179430373,0.9941401658297632,0.9244986979166365,0.007666015625,0.072294921875,gabor_P10_iClean
0.05577267546000009,0.028686293395858833,0.2908704883214825,0.03084335179430373,0.9941401658297632,0.9244986979166365,0.007666015625,0.072294921875,gabor_P10_FillGap
0.5609012966766903,0.3897587395370459,0.5898658718327919,0.5346481156285584,0.9710306641262014,0.9394824218749693,0.06552734375,0.072294921875,gabor_P08
0.054920290459871915,0.028235496052167765,0.3753565316578702,0.029627628438907816,0.9961577734033357,0.9262825520833031,0.005706380208333334,0.072294921875,gabor_P08_iClean
0.5552380013795813,0.3843110504773587,0.6130910278031377,0.5073618803185612,0.975048334859663,0.941236979166636,0.059827473958333335,0.072294921875,gabor_Entropy
0.5603122432209202,0.38919011471936843,0.515205319028176,0.6140753748477581,0.9549705078405649,0.930325520833303,0.08616861979166666,0.072294921875,gabor_Hyst
0.04703761370152953,0.02408526351123528,0.26126536185588867,0.02584537799989831,0.9943050833183856,0.9242903645833032,0.007151692708333333,0.072294921875,gabor_Hyst_iClean
0.23393416478307916,0.13246061393534952,0.13404556063244902,0.9180512404876771,0.5378240014596763,0.5653124999999816,0.49513346354166665,0.072294921875,gabor_EntSeedGrow
0.0,0.0,0.0,0.0,0.9995192830650441,0.9272591145833031,0.00044596354166666667,0.072294921875,gabor_EntSeedGrow_iClean
0.0,0.0,0.0,0.0,0.9995192830650441,0.9272591145833031,0.00044596354166666667,0.072294921875,gabor_EntSeedGrow_FillGap
0.292638462002027,0.17139806390693946,0.17571809833987645,0.8745553604390677,0.6802986760985196,0.694342447916644,0.359814453125,0.072294921875,gabor_RegionGrow
0.4889874353287955,0.3236157307766656,0.46043108247814346,0.5213201855101439,0.9523914790291289,0.9212272135416366,0.08185546875,0.072294921875,almeida_P10
0.05740383809601215,0.029550062551214548,0.4133977066963585,0.03084335179430373,0.9965893659799433,0.9267708333333031,0.005393880208333333,0.072294921875,almeida_P10_iClean
0.05740383809601215,0.029550062551214548,0.4133977066963585,0.03084335179430373,0.9965893659799433,0.9267708333333031,0.005393880208333333,0.072294921875,almeida_P10_FillGap
0.4783933845243997,0.314400173907545,0.5032809703715931,0.45585123148252693,0.9649392436953811,0.9281347656249698,0.06548177083333333,0.072294921875,almeida_P08
0.09167671893844195,0.04804045512008019,0.6015283842761926,0.04961952361652951,0.9974385156022121,0.9289160156249697,0.0059635416666666665,0.072294921875,almeida_P08_iClean
0.48135546142617847,0.316963877457608,0.4952843669617532,0.46818857220024845,0.9628198785224459,0.9270605468749697,0.06833984375,0.072294921875,almeida_Entropy
0.4936891179925532,0.32774716287956324,0.4262525771507588,0.5864739520011768,0.9384822678610574,0.913033854166637,0.09946940104166667,0.072294921875,almeida_Hyst
0.06792209882501693,0.035154948350535176,0.3193340900479783,0.038002611553857445,0.9936875199567357,0.9245963541666365,0.008603515625,0.072294921875,almeida_Hyst_iClean
0.24239231447663726,0.13791036331549728,0.13954011394923127,0.9219235445085677,0.5569789923190361,0.5833626302083144,0.4776432291666667,0.072294921875,almeida_EntSeedGrow
0.028619957537142835,0.01451772713565049,0.2513049962695652,0.015174028546978623,0.9964770817323706,0.9255338541666365,0.004365234375,0.072294921875,almeida_EntSeedGrow_iClean
0.028619957537142835,0.01451772713565049,0.2513049962695652,0.015174028546978623,0.9964770817323706,0.9255338541666365,0.004365234375,0.072294921875,almeida_EntSeedGrow_FillGap
0.32104095865340554,0.1912142885843823,0.1975117770352795,0.857084965554119,0.7286265180303684,0.7379134114583092,0.31371744791666667,0.072294921875,almeida_RegionGrow
0.5444716614577785,0.3740714948931134,0.5126655267027825,0.5804853888060784,0.9569986420623473,0.929778645833303,0.08185872395833334,0.072294921875,fused_P10
0.06864518250572647,0.03554250202186373,0.3940537989599148,0.03759737043539214,0.9954945945661092,0.9262434895833032,0.0068977864583333335,0.072294921875,fused_P10_iClean
0.06864518250572647,0.03554250202186373,0.3940537989599148,0.03759737043539214,0.9954945945661092,0.9262434895833032,0.0068977864583333335,0.072294921875,fused_P10_FillGap
0.5358754459327295,0.36600400180714965,0.5637240282331426,0.5106488360572242,0.969202536220408,0.9360514322916361,0.06548828125,0.072294921875,fused_P08
0.08306788565751745,0.04333376494451926,0.5112016293252994,0.045206898104351745,0.9966314725727831,0.9278483072916365,0.006393229166666667,0.072294921875,fused_P08_iClean
0.5373736426107518,0.36740322632360495,0.5607989034655567,0.5158269170153921,0.9685183040867616,0.9357910156249695,0.06649739583333333,0.072294921875,fused_Entropy
0.5440174434449745,0.3736428304004991,0.4791988201802383,0.629114323021915,0.9467176156439695,0.9237565104166365,0.094912109375,0.072294921875,fused_Hyst
0.04044267230855218,0.02063867779576403,0.20979316167070583,0.022378315097472925,0.9934313715169604,0.9232291666666366,0.0077115885416666665,0.072294921875,fused_Hyst_iClean
0.2405096309349084,0.13669278057071926,0.13802325890836561,0.9341258048534674,0.5453821348744154,0.5734863281249813,0.48928385416666664,0.072294921875,fused_EntSeedGrow
0.0,0.0,0.0,0.0,0.9989438262962339,0.9267252604166365,0.0009798177083333334,0.072294921875,fused_EntSeedGrow_iClean
0.0,0.0,0.0,0.0,0.9989438262962339,0.9267252604166365,0.0009798177083333334,0.072294921875,fused_EntSeedGrow_FillGap
0.3120680066735273,0.18488186011482774,0.18946373274421532,0.8843261740731756,0.7051801635840884,0.7181315104166432,0.3374381510416667,0.072294921875,fused_RegionGrow
0.3323636789597368,0.19930225479402486,0.32992248062002716,0.33484127296316635,0.9386469538183846,0.888681640624971,0.083984375,0.08275065104166666,gabor_P10
0.019729082526173298,0.009962819911197357,0.10789679437018024,0.010857165335741766,0.991901454686084,0.910719401041637,0.008326822916666667,0.08275065104166666,gabor_P10_iClean
0.019729082526173298,0.009962819911197357,0.10789679437018024,0.010857165335741766,0.991901454686084,0.910719401041637,0.008326822916666667,0.08275065104166666,gabor_P10_FillGap
0.3299537569743753,0.19757162914039897,0.3681686046509844,0.2989260847329771,0.9537190493258563,0.899534505208304,0.0671875,0.08275065104166666,gabor_P08
0.3954230388380473,0.2464344487108316,0.6573388203011821,0.28275834939605726,0.986702344745315,0.928450520833303,0.035595703125,0.08275065104166666,gabor_P08_iClean
0.2587365043103917,0.14859124133187088,0.4191189427309082,0.1871287518192883,0.9766022308262512,0.9112727864583037,0.036946614583333336,0.08275065104166666,gabor_Entropy
0.2272903230039283,0.12821632665145766,0.1363944185460394,0.6813657999289243,0.6107907260654409,0.6166308593749799,0.41338541666666667,0.08275065104166666,gabor_Hyst
0.0005574136008916676,0.0002787844995817261,0.002436795613760473,0.0003147004445142541,0.9883774163439791,0.9066145833333038,0.010686848958333333,0.08275065104166666,gabor_Hyst_iClean
0.21957795137989436,0.1233291575725405,0.1285781607647685,0.7513079737222174,0.5406293584688517,0.5580631510416485,0.4835286458333333,0.08275065104166666,gabor_EntSeedGrow
0.0014662190839983538,0.0007336473858982417,0.03830645161213092,0.0007474135557213534,0.998307183998772,0.9157584635416368,0.0016145833333333333,0.08275065104166666,gabor_EntSeedGrow_iClean
0.0014662190839983538,0.0007336473858982417,0.03830645161213092,0.0007474135557213534,0.998307183998772,0.9157584635416368,0.0016145833333333333,0.08275065104166666,gabor_EntSeedGrow_FillGap
0.24760639101148874,0.14129610479143906,0.153212166518698,0.6449785610319637,0.6784039974589775,0.6756380208333113,0.34835611979166664,0.08275065104166666,gabor_RegionGrow
0.2216667968444463,0.1246486296556297,0.22007677096653092,0.22327996538286327,0.928614268628928,0.870247395833305,0.083955078125,0.08275065104166666,almeida_P10
0.2911023692981319,0.17034511843671526,0.615101522841859,0.1906691318200737,0.9892362454263451,0.9231542968749699,0.025651041666666666,0.08275065104166666,almeida_P10_iClean
0.2911023692981319,0.17034511843671526,0.615101522841859,0.1906691318200737,0.9892362454263451,0.9231542968749699,0.025651041666666666,0.08275065104166666,almeida_P10_FillGap
0.20519390280970054,0.11432650197195328,0.2290020840400189,0.1858699500412313,0.9435444089161739,0.8808463541666379,0.06716471354166667,0.08275065104166666,almeida_P08
0.24625274480468248,0.14041518472811917,0.6446184605120883,0.1521970024782061,0.992430237881425,0.9229003906249699,0.019537760416666668,0.08275065104166666,almeida_P08_iClean
0.20932161926435167,0.11689515075195019,0.22790439132841026,0.19354077337626627,0.9408472597318841,0.8790071614583047,0.0702734375,0.08275065104166666,almeida_Entropy
0.22404820597092304,0.12615669339910854,0.22286225820253652,0.22524684316107735,0.9291395029437634,0.870891927083305,0.08363606770833333,0.08275065104166666,almeida_Hyst
0.294350871962947,0.17257410514535354,0.6077055637609458,0.19420951182085905,0.9886897178284759,0.9229459635416366,0.0264453125,0.08275065104166666,almeida_Hyst_iClean
0.20635795663357873,0.11504968753200778,0.12081520679383008,0.7068171983790147,0.5359661294844351,0.5501041666666487,0.48412434895833334,0.08275065104166666,almeida_EntSeedGrow
0.0,0.0,0.0,0.0,0.9944779419331818,0.912184244791637,0.0050651041666666665,0.08275065104166666,almeida_EntSeedGrow_iClean
0.0,0.0,0.0,0.0,0.9944779419331818,0.912184244791637,0.0050651041666666665,0.08275065104166666,almeida_EntSeedGrow_FillGap
0.23343620672051943,0.13214139653975604,0.1458300627943342,0.5846740883519198,0.6910451098200827,0.6822428385416445,0.33177083333333335,0.08275065104166666,almeida_RegionGrow
0.28057708451276175,0.16318096146418623,0.2785055422059226,0.28267967428492874,0.9339340405068889,0.8800423177083047,0.08399088541666666,0.08275065104166666,fused_P10
0.034282414925468484,0.017440152739015478,0.20742358078512044,0.018685338893033837,0.9935587818822199,0.9128873697916369,0.007454427083333334,0.08275065104166666,fused_P10_iClean
0.034282414925468484,0.017440152739015478,0.20742358078512044,0.018685338893033837,0.9935587818822199,0.9128873697916369,0.007454427083333334,0.08275065104166666,fused_P10_FillGap
0.27188850053182123,0.1573327303333692,0.30336207731794235,0.24633177294353237,0.9489670983287984,0.8908235677083043,0.06719401041666667,0.08275065104166666,fused_P08
0.3309122172481306,0.19825932504433455,0.6716004813469655,0.2195428976042565,0.990315105100061,0.9265332031249698,0.02705078125,0.08275065104166666,fused_P08_iClean
0.233825736630004,0.13239109043738786,0.35361580121029496,0.174658746705411,0.9711972858161547,0.9052832031249705,0.04087239583333333,0.08275065104166666,fused_Entropy
0.23921803185794252,0.13585897412975026,0.14952333166079815,0.5978521694659542,0.693217024689537,0.685325520833311,0.330869140625,0.08275065104166666,fused_Hyst
0.00044358543772363244,0.0002218419217848064,0.0011400651465779477,0.0002753628889499723,0.9782347158588476,0.897307942708304,0.019986979166666665,0.08275065104166666,fused_Hyst_iClean
0.21365432944275212,0.11960413539452472,0.1253165935891415,0.72404704771617,0.5440753214398325,0.5589680989583151,0.47811197916666665,0.08275065104166666,fused_EntSeedGrow
0.00015501472639894783,7.75133710564772e-05,0.005221932114746163,7.867511112856352e-05,0.998647876527314,0.9160156249999701,0.0012467447916666666,0.08275065104166666,fused_EntSeedGrow_iClean
0.00015501472639894783,7.75133710564772e-05,0.005221932114746163,7.867511112856352e-05,0.998647876527314,0.9160156249999701,0.0012467447916666666,0.08275065104166666,fused_EntSeedGrow_FillGap
0.23881441171523268,0.13559866336847323,0.14820190291887,0.6145706305807739,0.6813318238761341,0.6758072916666447,0.343154296875,0.08275065104166666,fused_RegionGrow
0.29488616974594284,0.1729422191725497,0.2356263633529777,0.3939689983063736,0.9327624843238923,0.9058333333333038,0.08356770833333334,0.04998046875,gabor_P10
0.06202499362404385,0.03200505342947202,0.1430251705477699,0.039598801615188486,0.9875173893080259,0.9401399739583027,0.013837890625,0.04998046875,gabor_P10_iClean
0.06202499362404385,0.03200505342947202,0.1430251705477699,0.039598801615188486,0.9875173893080259,0.9401399739583027,0.013837890625,0.04998046875,gabor_P10_FillGap
0.30213702599529074,0.17795136039903575,0.2640112966839051,0.35313273414071045,0.9482089869314313,0.91846679687497,0.06685221354166666,0.04998046875,gabor_P08
0.12966417910441042,0.06932668329173215,0.3173515981727109,0.08147713950756709,0.9907793836475062,0.9453320312499692,0.01283203125,0.04998046875,gabor_P08_iClean
0.2529425165159644,0.1447820228625441,0.3032592862342468,0.21694672398058032,0.9737772660923578,0.9359505208333029,0.03575520833333334,0.04998046875,gabor_Entropy
0.1505209761447662,0.08138560870563735,0.08411350995203376,0.7150579653505829,0.590376431405584,0.5966080729166472,0.42488932291666665,0.04998046875,gabor_Hyst
0.0005998440405490973,0.00030001200047983915,0.0037965072133348786,0.0003256480395985895,0.9955044783892534,0.9457649739583025,0.004287109375,0.04998046875,gabor_Hyst_iClean
0.13764700337016936,0.07391026492789468,0.07566884757400559,0.7607789501102248,0.5110811866532174,0.5235611979166496,0.5025065104166667,0.04998046875,gabor_EntSeedGrow
0.0,0.0,0.0,0.0,0.998869266668003,0.948945312499969,0.00107421875,0.04998046875,gabor_EntSeedGrow_iClean
0.0,0.0,0.0,0.0,0.998869266668003,0.948945312499969,0.00107421875,0.04998046875,gabor_EntSeedGrow_FillGap
0.16515639392530526,0.09001115592550502,0.0939327452648463,0.683144457469921,0.6533240133494839,0.6548144531249787,0.36349283854166664,0.04998046875,gabor_RegionGrow
0.1895286170653329,0.10468467983079532,0.15148325731877305,0.25309365637602377,0.925416144130777,0.8918131510416376,0.083505859375,0.04998046875,almeida_P10
0.0601303001174516,0.030997081979832076,0.16696322657127236,0.03666796925880118,0.9903750608197134,0.9427083333333026,0.0109765625,0.04998046875,almeida_P10_iClean
0.0601303001174516,0.030997081979832076,0.16696322657127236,0.03666796925880118,0.9903750608197134,0.9427083333333026,0.0109765625,0.04998046875,almeida_P10_FillGap
0.18167628285526058,0.09991415782693606,0.15879744676696447,0.21225739221036063,0.9408455144151044,0.9044303385416372,0.066806640625,0.04998046875,almeida_P08
0.06274944567624016,0.032390980885869065,0.21072226358819537,0.03686335808256033,0.9927358949582659,0.9449609374999692,0.008743489583333333,0.04998046875,almeida_P08_iClean
0.17734973720522146,0.09730321873889315,0.1614714216969676,0.19669141591754807,0.9462627550145986,0.9087988281249704,0.060882161458333334,0.04998046875,almeida_Entropy
0.1603632649960618,0.0871711582752877,0.09211942556264682,0.6187312752373201,0.6791903949342913,0.6761686197916447,0.33569986979166666,0.04998046875,almeida_Hyst
0.03397233681143979,0.017279684028627795,0.044814340588940654,0.02735443532628152,0.9693262885219955,0.9222460937499699,0.0305078125,0.04998046875,almeida_Hyst_iClean
0.13819148020123884,0.07422432475288901,0.07630134753313977,0.7316660153701109,0.5340076615749219,0.5438867187499823,0.4792708333333333,0.04998046875,almeida_EntSeedGrow
0.002281224257016487,0.0011419146101623156,0.04215456674374345,0.0011723329425549222,0.9985985759612604,0.9487467447916358,0.0013899739583333333,0.04998046875,almeida_EntSeedGrow_iClean
0.002281224257016487,0.0011419146101623156,0.04215456674374345,0.0011723329425549222,0.9985985759612604,0.9487467447916358,0.0013899739583333333,0.04998046875,almeida_EntSeedGrow_FillGap
0.16133924208467476,0.08774823816199857,0.092655312560471,0.6236159958312989,0.6787175428136524,0.6759635416666446,0.33639322916666664,0.04998046875,almeida_RegionGrow
0.23514495403890595,0.13323754524601886,0.18792626368908066,0.3140549693888797,0.9286027562481264,0.8978873697916374,0.083525390625,0.04998046875,fused_P10
0.08964846748191697,0.046927733433306404,0.2091191215082141,0.05705353653767288,0.9886481226399886,0.942086588541636,0.013636067708333333,0.04998046875,fused_P10_iClean
0.08964846748191697,0.046927733433306404,0.2091191215082141,0.05705353653767288,0.9886481226399886,0.942086588541636,0.013636067708333333,0.04998046875,fused_P10_FillGap
0.2328809119031708,0.1317856354287822,0.2035368051833178,0.2721115018885814,0.9439807295628193,0.9104003906249704,0.06681966145833333,0.04998046875,fused_P08
0.08017963743902723,0.0417641353340322,0.2519793459543822,0.047674872997233504,0.9925542923322234,0.9453287760416359,0.009456380208333334,0.04998046875,fused_P08_iClean
0.2154829452813489,0.12075140706084322,0.21577847439902312,0.21518822456674794,0.9588550125750923,0.9216861979166366,0.04984375,0.04998046875,fused_Entropy
0.15777634718065983,0.08564451278171292,0.08926903266169392,0.6783899960917816,0.635886734784762,0.6380110677083125,0.37982096354166667,0.04998046875,fused_Hyst
0.027779002601513392,0.014085136827037164,0.043003412969224566,0.020515826494711138,0.9759804828573639,0.9282259114583031,0.023844401041666668,0.04998046875,fused_Hyst_iClean
0.1388011859442667,0.07457622737347731,0.07646080555499835,0.7515956753935445,0.5223953729021291,0.533850911458316,0.491298828125,0.04998046875,fused_EntSeedGrow
0.0011255627813899914,0.0005630982919348288,0.014106583071879206,0.0005861664712774611,0.997844753739952,0.9480013020833025,0.0020768229166666665,0.04998046875,fused_EntSeedGrow_iClean
0.0011255627813899914,0.0005630982919348288,0.014106583071879206,0.0005861664712774611,0.997844753739952,0.9480013020833025,0.0020768229166666665,0.04998046875,fused_EntSeedGrow_FillGap
0.16813076096820337,0.09178098380922976,0.09638830279826849,0.6575485215574719,0.6756954009991339,0.6747884114583114,0.3409602864583333,0.04998046875,fused_RegionGrow
0.3863455237757048,0.23942270756729425,0.33551215010753016,0.45533291588371144,0.9400005554860871,0.9097656249999704,0.08466145833333333,0.0623828125,gabor_P10
0.3718441351434914,0.22838362295016665,0.40904251988201573,0.3408474222498743,0.9672367342970681,0.9281608072916364,0.051982421875,0.0623828125,gabor_P10_iClean
0.3718441351434914,0.22838362295016665,0.40904251988201573,0.3408474222498743,0.9672367342970681,0.9281608072916364,0.051982421875,0.0623828125,gabor_P10_FillGap
0.3954966224667512,0.24649161105212794,0.379890416225906,0.4124399916507971,0.9552069880153538,0.92134765624997,0.06772786458333334,0.0623828125,gabor_P08
0.3621497531367772,0.2211128604891436,0.4557182429755,0.3004591943225316,0.9761245122137171,0.9339746093749696,0.04112955729166667,0.0623828125,gabor_P08_iClean
0.3472161627008265,0.21007959714091534,0.48650427913054967,0.2699332080983772,0.9810440361621123,0.9366829427083028,0.034612630208333335,0.0623828125,gabor_Entropy
0.19846665309721157,0.11016540628482795,0.11406423034329122,0.7632018367768925,0.6056048549486659,0.6154361979166466,0.41740234375,0.0623828125,gabor_Hyst
0.0,0.0,0.0,0.0,0.9983613159465831,0.9360807291666362,0.0015364583333333333,0.0623828125,gabor_Hyst_iClean
0.17760714387281074,0.09745820901111736,0.09966741354985925,0.8147046545602094,0.5103459289810819,0.5293326822916494,0.509931640625,0.0623828125,gabor_EntSeedGrow
0.0,0.0,0.0,0.0,0.999597272563117,0.9372395833333028,0.00037760416666666666,0.0623828125,gabor_EntSeedGrow_iClean
0.0,0.0,0.0,0.0,0.999597272563117,0.9372395833333028,0.00037760416666666666,0.0623828125,gabor_EntSeedGrow_FillGap
0.21169430059544436,0.11837702058766089,0.12350892468436017,0.740189939469453,0.6505124359454842,0.6561067708333119,0.3738606770833333,0.0623828125,gabor_RegionGrow
0.31255809835768394,0.18522599092358932,0.27138903835795547,0.3684512627841951,0.9341853101695297,0.8988932291666374,0.08469401041666667,0.0623828125,almeida_P10
0.3363506771203363,0.20217642774508282,0.5304631294958065,0.24624295554151207,0.9854983404851829,0.9393815104166361,0.028958333333333332,0.0623828125,almeida_P10_iClean
0.3363506771203363,0.20217642774508282,0.5304631294958065,0.24624295554151207,0.9854983404851829,0.9393815104166361,0.028958333333333332,0.0623828125,almeida_P10_FillGap
0.3112711991594599,0.1843227870600236,0.2989334102045263,0.3246712586097241,0.9493396658750659,0.9103710937499704,0.06775390625,0.0623828125,almeida_P08
0.3082113882779937,0.18218079146677624,0.5634876628769566,0.21211646837809844,0.9890673388048372,0.9405989583333026,0.023483072916666667,0.0623828125,almeida_P08_iClean
0.31356850186023794,0.1859361036639338,0.28572654707738143,0.3474222500519999,0.942215556388752,0.9051106770833038,0.07585286458333333,0.0623828125,almeida_Entropy
0.31487220949550493,0.18685360912672278,0.27639776042887926,0.36579002295952523,0.9362857420599877,0.900696614583304,0.08255859375,0.0623828125,almeida_Hyst
0.33483515697620864,0.2010822882665345,0.5319245625988048,0.2443122521393006,0.9856962324153583,0.9394466145833027,0.02865234375,0.0623828125,almeida_Hyst_iClean
0.18210926088225637,0.10017613103119574,0.1025357598726131,0.8131914005422598,0.5264411393020134,0.5443294270833156,0.49474609375,0.0623828125,almeida_EntSeedGrow
0.00010217113665384308,5.108817819553944e-05,0.002433090024271701,5.218117303274255e-05,0.9985765668180019,0.9362858072916361,0.001337890625,0.0623828125,almeida_EntSeedGrow_iClean
0.00010217113665384308,5.108817819553944e-05,0.002433090024271701,5.218117303274255e-05,0.9985765668180019,0.9362858072916361,0.001337890625,0.0623828125,almeida_EntSeedGrow_FillGap
0.22047798500594318,0.12389730677576333,0.13020346062615124,0.7189522020451268,0.6804531378021955,0.682854817708311,0.344462890625,0.0623828125,almeida_RegionGrow
0.3668392865045884,0.2246192205538987,0.3184997309967264,0.4324775620953702,0.9384313071976788,0.9068684895833038,0.08470703125,0.0623828125,fused_P10
0.3728970112817929,0.22917849322835568,0.5069058295959579,0.29492798998106085,0.980912108208662,0.9381184895833028,0.036295572916666664,0.0623828125,fused_P10_iClean
0.3728970112817929,0.22917849322835568,0.5069058295959579,0.29492798998106085,0.980912108208662,0.9381184895833028,0.036295572916666664,0.0623828125,fused_P10_FillGap
0.3775293264299599,0.23268792008379086,0.3625402315413544,0.393811312878108,0.9539293699398355,0.9189876302083034,0.067763671875,0.0623828125,fused_P08
0.3706399538770645,0.22747578397973042,0.5988588728451341,0.2683677729073949,0.9880396894832247,0.9431445312499692,0.027955729166666665,0.0623828125,fused_P08_iClean
0.3675400721593519,0.2251449275361503,0.4241638225253077,0.32425380922546215,0.9707119943340078,0.9303841145833031,0.047688802083333336,0.0623828125,fused_Entropy
0.22369012241550149,0.12592967321652504,0.13174681287661616,0.740398664161584,0.6753530808648684,0.6794108072916445,0.35058268229166667,0.0623828125,fused_Hyst
0.00034823488442939615,0.00017414776437799898,0.0010501443948515354,0.0002087246921309702,0.9867898457136959,0.9252441406249698,0.012399088541666667,0.0623828125,fused_Hyst_iClean
0.18254739912492865,0.10044135348401124,0.10265974066551432,0.8229492798993827,0.5214035745531628,0.5402148437499824,0.500078125,0.0623828125,fused_EntSeedGrow
0.0,0.0,0.0,0.0,0.9993264730797192,0.9369856770833028,0.0006315104166666666,0.0623828125,fused_EntSeedGrow_iClean
0.0,0.0,0.0,0.0,0.9993264730797192,0.9369856770833028,0.0006315104166666666,0.0623828125,fused_EntSeedGrow_FillGap
0.22532047986965503,0.1269640390356823,0.13278402788780255,0.7433729910244503,0.6769813495535045,0.6811230468749778,0.34924153645833333,0.0623828125,fused_RegionGrow
0.47075446795949405,0.30783445698962153,0.5904876908691997,0.3913919082904156,0.9608409164558678,0.8890462239583043,0.08356770833333334,0.12607747395833332,gabor_P10
0.06699303060263173,0.03465741803482343,0.5076754385946357,0.035862745604287045,0.9949826609403322,0.8740592447916382,0.00890625,0.12607747395833332,gabor_P10_iClean
0.06699303060263173,0.03465741803482343,0.5076754385946357,0.035862745604287045,0.9949826609403322,0.8740592447916382,0.00890625,0.12607747395833332,gabor_P10_FillGap
0.4442457271085316,0.2855500607321956,0.6410069140127368,0.3399086003458884,0.9725368664538188,0.8927766927083043,0.06685546875,0.12607747395833332,gabor_P08
0.07882861257799356,0.04103153580887575,0.5606008876730605,0.042394980764751136,0.9952061504307389,0.8750781249999715,0.009534505208333334,0.12607747395833332,gabor_P08_iClean
0.40455850878950655,0.2535715104679645,0.693900602409203,0.2855077328237625,0.9818303044298976,0.8940397135416376,0.051875,0.12607747395833332,gabor_Entropy
0.48403658896422486,0.31929305512295253,0.5647010224102156,0.4235367018666124,0.9528995898967496,0.8861588541666378,0.094560546875,0.12607747395833332,gabor_Hyst
0.08007766254674431,0.04170880299927442,0.482729089350606,0.04366011721875406,0.9932506173896802,0.8735286458333049,0.011402994791666666,0.12607747395833332,gabor_Hyst_iClean
0.3347187293183145,0.20099831494609727,0.21053122335889474,0.8161421083884186,0.558481612402156,0.5909667968749808,0.48875,0.12607747395833332,gabor_EntSeedGrow
0.0,0.0,0.0,0.0,0.9977688299207358,0.8719726562499716,0.0019498697916666666,0.12607747395833332,gabor_EntSeedGrow_iClean
0.0,0.0,0.0,0.0,0.9977688299207358,0.8719726562499716,0.0019498697916666666,0.12607747395833332,gabor_EntSeedGrow_FillGap
0.3942099511309707,0.24549283476293549,0.26861183964028956,0.7404146549273862,0.7091545020095166,0.7130957031249767,0.3475260416666667,0.12607747395833332,gabor_RegionGrow
0.38303226107075333,0.2368830570017412,0.4807017543857775,0.31834964240522623,0.9503853331296741,0.8706998697916383,0.08349609375,0.12607747395833332,almeida_P10
0.11378721790249531,0.06032575909912017,0.695047784533174,0.061965867134837226,0.996077759443325,0.878307291666638,0.011240234375,0.12607747395833332,almeida_P10_iClean
0.11378721790249531,0.06032575909912017,0.695047784533174,0.061965867134837226,0.996077759443325,0.878307291666638,0.011240234375,0.12607747395833332,almeida_P10_FillGap
0.3479097399199427,0.21058761033013024,0.5022904483428351,0.2661175802328197,0.9619583639079013,0.8742285156249715,0.066796875,0.12607747395833332,almeida_P08
0.09869369159962375,0.051908359617581876,0.49475646702285075,0.05481397330302476,0.9919245797466004,0.8737760416666381,0.013968098958333333,0.12607747395833332,almeida_P08_iClean
0.3717043239269484,0.22827814959466386,0.48765250932854487,0.3003020836022049,0.954482640453797,0.8720052083333049,0.07763997395833333,0.12607747395833332,almeida_Entropy
0.4315732832957917,0.2751631802107224,0.46343487021439395,0.40381090082868926,0.932550871795219,0.8658886718749718,0.10985677083333334,0.12607747395833332,almeida_Hyst
0.10192709542602696,0.053700305810384416,0.5058769301670757,0.05667294931706988,0.9920139755427632,0.8740885416666382,0.014124348958333333,0.12607747395833332,almeida_Hyst_iClean
0.3490128107691191,0.2113964378680056,0.22138982533537122,0.8240427564481103,0.5819033109967787,0.61243164062498,0.46927734375,0.12607747395833332,almeida_EntSeedGrow
5.0783332910126e-05,2.539231120815972e-05,0.0015337423312648199,2.5819111306182178e-05,0.9975751390290499,0.8718066406249716,0.0021223958333333333,0.12607747395833332,almeida_EntSeedGrow_iClean
5.0783332910126e-05,2.539231120815972e-05,0.0015337423312648199,2.5819111306182178e-05,0.9975751390290499,0.8718066406249716,0.0021223958333333333,0.12607747395833332,almeida_EntSeedGrow_FillGap
0.4215915545948506,0.2670991503005013,0.29511887794093333,0.7377552864628495,0.7457881543120156,0.7447753906249758,0.31517578125,0.12607747395833332,almeida_RegionGrow
0.44348163677297253,0.2849189879479039,0.5563824812965413,0.3686710903409753,0.9575928691952904,0.8833430989583045,0.08354166666666667,0.12607747395833332,fused_P10
0.044669799653711435,0.02284514382573359,0.5314891112387788,0.023314657509482504,0.9970350394272337,0.8742708333333048,0.005530598958333333,0.12607747395833332,fused_P10_iClean
0.044669799653711435,0.02284514382573359,0.5314891112387788,0.023314657509482504,0.9970350394272337,0.8742708333333048,0.005530598958333333,0.12607747395833332,fused_P10_FillGap
0.4130808950085362,0.2603036876355195,0.5961716428812058,0.31602592238766986,0.9691174772505962,0.8867773437499711,0.06683268229166667,0.12607747395833332,fused_P08
0.12293733251842347,0.0654945275126943,0.6861716084999051,0.0675169760656664,0.995545109491189,0.878541666666638,0.012405598958333333,0.12607747395833332,fused_P08_iClean
0.41102629346897185,0.25867406853843095,0.5991888817445971,0.31279853347439707,0.969814019495697,0.8869791666666378,0.06581705729166666,0.12607747395833332,fused_Entropy
0.46138543516867336,0.2998707055780754,0.5130514473516266,0.41917327205586763,0.9426041740386807,0.8766113281249714,0.1030078125,0.12607747395833332,fused_Hyst
0.055142954225509654,0.02835321719162673,0.4597329016573868,0.02933051044382295,0.9950273588384135,0.8732747395833049,0.008043619791666666,0.12607747395833332,fused_Hyst_iClean
0.3520803412107568,0.2136513994070783,0.22303477271942493,0.8354806227567491,0.580115395073525,0.6123111979166467,0.4722819010416667,0.12607747395833332,fused_EntSeedGrow
0.0,0.0,0.0,0.0,0.9975229914812884,0.8717578124999716,0.0021647135416666668,0.12607747395833332,fused_EntSeedGrow_iClean
0.0,0.0,0.0,0.0,0.9975229914812884,0.8717578124999716,0.0021647135416666668,0.12607747395833332,fused_EntSeedGrow_FillGap
0.41385639887301756,0.2609198805070143,0.2856371225140893,0.7509488523403086,0.7290562411302337,0.7318164062499761,0.3314615885416667,0.12607747395833332,fused_RegionGrow
0.47917463868359006,0.315075386610348,0.6436168109751141,0.3816613133893556,0.9659266595349421,0.8848046874999712,0.082333984375,0.13884440104166668,gabor_P10
0.033569100463396916,0.01707108064224764,0.30923202614252765,0.017747872365362873,0.9936079411219558,0.8581152343749721,0.00796875,0.13884440104166668,gabor_P10_iClean
0.033569100463396916,0.01707108064224764,0.30923202614252765,0.017747872365362873,0.9936079411219558,0.8581152343749721,0.00796875,0.13884440104166668,gabor_P10_FillGap
0.4496954855533815,0.29006913245937394,0.6988237619844327,0.3315124375775839,0.9769643957406065,0.8873470052083045,0.06586588541666667,0.13884440104166668,gabor_P08
0.039871440451297986,0.020341237444383722,0.48206521738868446,0.020795723630220433,0.9963976155465382,0.8609407552083053,0.005989583333333334,0.13884440104166668,gabor_P08_iClean
0.43020103160950435,0.2740484866355764,0.729520605550474,0.30504302159278246,0.9817650549807413,0.8878059895833044,0.058056640625,0.13884440104166668,gabor_Entropy
0.5000896613558866,0.33341303708057435,0.6074324777157672,0.4249876913697923,0.9557167535447025,0.882027994791638,0.09714192708333333,0.13884440104166668,gabor_Hyst
0.030190854077531935,0.015326791501617006,0.27682926829155763,0.015966051625907682,0.9932752970171276,0.8575813802083054,0.0080078125,0.13884440104166668,gabor_Hyst_iClean
0.3585997143532177,0.21847182402061907,0.229615837571452,0.8182308395656066,0.5573829981061755,0.5936002604166474,0.4947688802083333,0.13884440104166668,gabor_EntSeedGrow
0.0,0.0,0.0,0.0,0.998302759056009,0.8596940104166386,0.0014615885416666666,0.13884440104166668,gabor_EntSeedGrow_iClean
0.0,0.0,0.0,0.0,0.998302759056009,0.8596940104166386,0.0014615885416666666,0.13884440104166668,gabor_EntSeedGrow_FillGap
0.4154128536936497,0.26215841436172893,0.28872427983536453,0.7402058471852531,0.705995531984838,0.7107454427083102,0.35595703125,0.13884440104166668,gabor_RegionGrow
0.4499926394817533,0.29031645329174294,0.6046603631757705,0.3583335287083304,0.962225993868728,0.8783789062499714,0.08228190104166666,0.13884440104166668,almeida_P10
0.04413026785309993,0.022562989307401086,0.6012307692270694,0.02290577450589105,0.9975505297734997,0.8622265624999719,0.005289713541666667,0.13884440104166668,almeida_P10_iClean
0.04413026785309993,0.022562989307401086,0.6012307692270694,0.02290577450589105,0.9975505297734997,0.8622265624999719,0.005289713541666667,0.13884440104166668,almeida_P10_FillGap
0.4211915895281959,0.2667781516329324,0.6548143019629816,0.3104353738306074,0.9736152744124494,0.8815364583333046,0.06582356770833334,0.13884440104166668,almeida_P08
0.027152439584667107,0.013763070259189642,0.6723549487978117,0.013856000750237064,0.9989113465659788,0.8621419270833053,0.002861328125,0.13884440104166668,almeida_P08_iClean
0.41599279777496007,0.26262052166847405,0.6617902813295847,0.30333153588251627,0.9750063315780948,0.8817480468749712,0.06363932291666667,0.13884440104166668,almeida_Entropy
0.47614401669438106,0.3124599843493789,0.5641215001282545,0.4119053759406345,0.9486858667835603,0.8741569010416381,0.10138020833333333,0.13884440104166668,almeida_Hyst
0.05646755670078938,0.02905408494490261,0.5376480541432418,0.029798607366415073,0.9958684090161296,0.8617350260416385,0.0076953125,0.13884440104166668,almeida_Hyst_iClean
0.3818942482727582,0.2360131578947213,0.2470303881669836,0.8410662790423087,0.5866632394243523,0.6219856770833131,0.472724609375,0.13884440104166668,almeida_EntSeedGrow
0.0005073566717401164,0.0002537427048971757,0.015514809590754375,0.00025789510702640896,0.9973615274412109,0.8589192708333053,0.0023079427083333333,0.13884440104166668,almeida_EntSeedGrow_iClean
0.0005073566717401164,0.0002537427048971757,0.015514809590754375,0.00025789510702640896,0.9973615274412109,0.8589192708333053,0.0023079427083333333,0.13884440104166668,almeida_EntSeedGrow_FillGap
0.4483743842364216,0.28897072830018333,0.32034148843099136,0.7468876749582101,0.7445066472119984,0.744837239583309,0.323720703125,0.13884440104166668,almeida_RegionGrow
0.48681111634472346,0.32171206225674676,0.6540363089820614,0.38768668088988173,0.9669359319893641,0.8865104166666378,0.08230143229166667,0.13884440104166668,fused_P10
0.04056595325511763,0.020702892920794136,0.44962779156104404,0.02124117881508423,0.9958079282697971,0.8604947916666387,0.006559244791666667,0.13884440104166668,fused_P10_iClean
0.04056595325511763,0.020702892920794136,0.44962779156104404,0.02124117881508423,0.9958079282697971,0.8604947916666387,0.006559244791666667,0.13884440104166668,fused_P10_FillGap
0.4606625423431574,0.2992602694436939,0.7160585385144289,0.3395540759148619,0.9782911921132736,0.8896061197916377,0.06583984375,0.13884440104166668,fused_P08
0.04383561643834624,0.022408963585428987,0.6402116402074061,0.02269476941832399,0.9979436546246603,0.8625358072916386,0.004921875,0.13884440104166668,fused_P08_iClean
0.4441311937582252,0.285455426560695,0.7380692961425485,0.31763299181761717,0.9818255357270738,0.8896061197916377,0.05975260416666667,0.13884440104166668,fused_Entropy
0.5067528538027085,0.3393630150864223,0.612935422696672,0.43192741424977565,0.9560229373230104,0.8832552083333045,0.097841796875,0.13884440104166668,fused_Hyst
0.04136150130227703,0.021117475904705148,0.40961199294352024,0.02178041403886672,0.9949385175412688,0.8598209635416386,0.0073828125,0.13884440104166668,fused_Hyst_iClean
0.37418425953455847,0.23015170183272818,0.2406336383886476,0.8408552739547416,0.5721781006777407,0.6094824218749801,0.48516927083333333,0.13884440104166668,fused_EntSeedGrow
0.0,0.0,0.0,0.0,0.9977055116859764,0.859179687499972,0.0019759114583333334,0.13884440104166668,fused_EntSeedGrow_iClean
0.0,0.0,0.0,0.0,0.9977055116859764,0.859179687499972,0.0019759114583333334,0.13884440104166668,fused_EntSeedGrow_FillGap
0.430472295179446,0.27426868213751127,0.30105255286130783,0.7550699833538661,0.717358352202039,0.7225944010416431,0.3482356770833333,0.13884440104166668,fused_RegionGrow
0.2969366298805304,0.17435442220784791,0.2419105627336718,0.38436632747442384,0.939731324258775,0.9132673475477275,0.07571241590711805,0.04765150282118055,gabor_P10
0.30639274500736235,0.18091133236713391,0.2775067124750188,0.34199103394280866,0.9554491755649461,0.9262169731987691,0.058724297417534724,0.04765150282118055,gabor_P10_iClean
0.30639274500736235,0.18091133236713391,0.2775067124750188,0.34199103394280866,0.9554491755649461,0.9262169731987691,0.058724297417534724,0.04765150282118055,gabor_P10_FillGap
0.30210552700834975,0.17792950728913492,0.2698874769074988,0.3430584216891969,0.9535638879295135,0.9244723849826232,0.060570610894097224,0.04765150282118055,gabor_P08
0.3036798459943167,0.17902271884066717,0.3164981865883492,0.2918593894541052,0.9684628229823333,0.936221652560748,0.04394192165798611,0.04765150282118055,gabor_P08_iClean
0.2928683129068093,0.17155578279112685,0.2995016364176214,0.28652245072216376,0.9664689399306954,0.9340684678819285,0.045586480034722224,0.04765150282118055,gabor_Entropy
0.2920907295348675,0.17102239245725237,0.2259307553081319,0.4130434782607226,0.9291922281286886,0.9045969645182138,0.0871158175998264,0.04765150282118055,gabor_Hyst
0.10451984872124395,0.05514162131992322,0.20360638845934712,0.07030527289544214,0.9862404266909555,0.9425947401258521,0.016454060872395832,0.04765150282118055,gabor_Hyst_iClean
0.1472460577896396,0.07947415705615667,0.08139421343588205,0.7711164875824482,0.5645519637967705,0.5743950737847124,0.4514431423611111,0.04765150282118055,gabor_EntSeedGrow
0.0,0.0,0.0,0.0,0.998794768905376,0.9512006971571019,0.001147800021701389,0.04765150282118055,gabor_EntSeedGrow_iClean
0.0,0.0,0.0,0.0,0.998794768905376,0.9512006971571019,0.001147800021701389,0.04765150282118055,gabor_EntSeedGrow_FillGap
0.19080465449513595,0.1054638212336828,0.11078787461483536,0.6869707535755045,0.7241124550040995,0.722342597113703,0.2954762776692708,0.04765150282118055,gabor_RegionGrow
0.27300976213388245,0.15808413744782682,0.22248117604871315,0.353234184871432,0.9382323514645972,0.910356309678804,0.0756564670138889,0.04765150282118055,almeida_P10
0.31739026309481727,0.18862975539330462,0.30564707432778543,0.33007187077480604,0.9624811738274194,0.9323459201388731,0.051459418402777776,0.04765150282118055,almeida_P10_iClean
0.31739026309481727,0.18862975539330462,0.30564707432778543,0.33007187077480604,0.9624811738274194,0.9323459201388731,0.051459418402777776,0.04765150282118055,almeida_P10_FillGap
0.2607319175612788,0.14990898769078345,0.23300372559448923,0.295951042481927,0.9512549001456078,0.9200286865234218,0.060524834526909724,0.04765150282118055,almeida_P08
0.2971014492753032,0.1744680851063422,0.3372502937718805,0.2654949121183144,0.9738943740453221,0.9401380750867896,0.037512885199652776,0.04765150282118055,almeida_P08_iClean
0.26211205096876894,0.15082218109336726,0.23180438171816095,0.30153703835469237,0.9499998219747106,0.9190995958116164,0.061986287434895836,0.04765150282118055,almeida_Entropy
0.2820412168792588,0.16417228378839197,0.21522447298457048,0.4090229844159934,0.9253753662869816,0.9007703993055403,0.09055921766493055,0.04765150282118055,almeida_Hyst
0.32424426440743453,0.19349136483353777,0.2777397173377286,0.38945420906554135,0.9493251061920581,0.9226464165581441,0.0668182373046875,0.04765150282118055,almeida_Hyst_iClean
0.16523826342686435,0.09005979366862482,0.09193134424125393,0.8156265566068399,0.5968866940350745,0.6073099772135313,0.4227701822916667,0.04765150282118055,almeida_EntSeedGrow
0.0003335112059764096,0.00016678341505715108,0.002662406815747272,0.00017789795773138193,0.9966655866466626,0.9491814507378311,0.0031840006510416665,0.04765150282118055,almeida_EntSeedGrow_iClean
0.0003335112059764096,0.00016678341505715108,0.002662406815747272,0.00017789795773138193,0.9966655866466626,0.9491814507378311,0.0031840006510416665,0.04765150282118055,almeida_EntSeedGrow_FillGap
0.22191066188456568,0.12480287527046582,0.13095680952319028,0.7264641001918714,0.7587828768171795,0.7572428385416539,0.2643398708767361,0.04765150282118055,almeida_RegionGrow
0.2861974154522565,0.16699555598335228,0.2332078684410465,0.3703479684051909,0.9390708504979199,0.911970350477415,0.07567342122395833,0.04765150282118055,fused_P10
0.30886629128493004,0.18263859900209065,0.2927140080919135,0.32690528712718747,0.9604766092594333,0.9302859836154356,0.053217569986979164,0.04765150282118055,fused_P10_iClean
0.30886629128493004,0.18263859900209065,0.2927140080919135,0.32690528712718747,0.9604766092594333,0.9302859836154356,0.053217569986979164,0.04765150282118055,fused_P10_FillGap
0.28072649773552716,0.16328204754262737,0.2508471728231857,0.3186864014799976,0.9523782396148788,0.9221818712022413,0.060538397894965276,0.04765150282118055,fused_P08
0.29532724922637277,0.17324571481086043,0.32845443457033957,0.268270120258924,0.9725556239963652,0.938995361328109,0.038920084635416664,0.04765150282118055,fused_P08_iClean
0.2806280094734256,0.16321541296452113,0.25093265266044407,0.3182950259729886,0.9524583509874892,0.9222395155164774,0.06044345431857639,0.04765150282118055,fused_Entropy
0.2878094581584892,0.16809429273504908,0.21608694876229792,0.4307976944423145,0.9218023990685553,0.8984052870008528,0.09499952528211805,0.04765150282118055,fused_Hyst
0.05281847751483011,0.02712560534542171,0.16373728029571927,0.031487938518454606,0.9919532576844432,0.9461856418185604,0.009163750542534722,0.04765150282118055,fused_Hyst_iClean
0.15807417118400743,0.08582005242068787,0.08757354156178691,0.8108233117480926,0.5773003535581809,0.5884280734591913,0.4411943223741319,0.04765150282118055,fused_EntSeedGrow
0.00013738622703069297,6.86978325833584e-05,0.0019821605549853105,7.115918309255277e-05,0.9982072855062327,0.9506445990668242,0.0017106797960069445,0.04765150282118055,fused_EntSeedGrow_iClean
0.00013738622703069297,6.86978325833584e-05,0.0019821605549853105,7.115918309255277e-05,0.9982072855062327,0.9506445990668242,0.0017106797960069445,0.04765150282118055,fused_EntSeedGrow_FillGap
0.21276795395778353,0.1190488691319928,0.12464725931173574,0.7260727246848623,0.7448702017738306,0.7439744737413068,0.2775709364149306,0.04765150282118055,fused_RegionGrow
0.3525197725341065,0.21397511585091508,0.30209266893701786,0.4231553839875645,0.9441735175038947,0.9160274929470331,0.07567003038194445,0.054021199544270836,gabor_P10
0.16481059277442897,0.08980576725515689,0.2733221842505102,0.11797382544012869,0.9820883538455021,0.9354078504774147,0.023317125108506944,0.054021199544270836,gabor_P10_iClean
0.16481059277442897,0.08980576725515689,0.2733221842505102,0.11797382544012869,0.9820883538455021,0.9354078504774147,0.023317125108506944,0.054021199544270836,gabor_P10_FillGap
0.3649360644091338,0.22319375803323319,0.34530177846230353,0.38693782757418105,0.9581045987084947,0.9272494845919982,0.06053500705295139,0.054021199544270836,gabor_P08
0.17091125234324656,0.09344065593438321,0.31467295226844455,0.11731475378962516,0.9854093744903141,0.9385138617621368,0.020139906141493056,0.054021199544270836,gabor_P08_iClean
0.3628262920640943,0.22161746814364228,0.40924677781703156,0.32586385462752226,0.9731379074881403,0.9381713867187341,0.0430145263671875,0.054021199544270836,gabor_Entropy
0.21852455432556497,0.12266492634302656,0.12981316962308492,0.6901735555344161,0.7357987386215034,0.7333340115017236,0.2872127956814236,0.054021199544270836,gabor_Hyst
0.009854758403629787,0.0049517784921692025,0.027681159420249738,0.0059944135831509916,0.9879758621122088,0.9349280463324494,0.011698404947916666,0.054021199544270836,gabor_Hyst_iClean
0.1791881887658098,0.09841115246520271,0.10090710586071622,0.7991400684176634,0.593380182485862,0.6044955783420036,0.4278242323133681,0.054021199544270836,gabor_EntSeedGrow
0.0034458357690048775,0.001725891453754823,0.08749999999863281,0.0017575244013426992,0.9989533318636786,0.9450836181640465,0.0010850694444444445,0.054021199544270836,gabor_EntSeedGrow_iClean
0.0034458357690048775,0.001725891453754823,0.08749999999863281,0.0017575244013426992,0.9989533318636786,0.9450836181640465,0.0010850694444444445,0.054021199544270836,gabor_EntSeedGrow_FillGap
0.21154159167746922,0.11828152709230898,0.12417016072675771,0.7138059818596134,0.7124816967494016,0.712553236219606,0.310546875,0.054021199544270836,gabor_RegionGrow
0.3214696652719245,0.19151853178989647,0.2755227827957336,0.38580799045903214,0.9420676355515718,0.9120178222656096,0.07564459906684028,0.054021199544270836,almeida_P10
0.17171857343929353,0.09392349063148554,0.23310010764250103,0.13592568182527195,0.9744623728181544,0.9291636149088384,0.031500922309027776,0.054021199544270836,almeida_P10_iClean
0.17171857343929353,0.09392349063148554,0.23310010764250103,0.13592568182527195,0.9744623728181544,0.9291636149088384,0.031500922309027776,0.054021199544270836,almeida_P10_FillGap
0.32209837618598786,0.1919649946185945,0.3048131338599471,0.3414618836894387,0.9555273576468435,0.9223548041449496,0.060516357421875,0.054021199544270836,almeida_P08
0.15693947776799655,0.08515155952553201,0.2769047619045421,0.10950004707651209,0.9836709017296731,0.9364471435546716,0.0213623046875,0.054021199544270836,almeida_P08_iClean
0.31236686491363264,0.18509168753530475,0.3417480796478702,0.28763769889831853,0.9683615879962763,0.931588066948769,0.04546780056423611,0.054021199544270836,almeida_Entropy
0.3226528384279036,0.19235900940476547,0.2854383465725945,0.3710259548691677,0.946958658400839,0.91584608289929,0.07021925184461805,0.054021199544270836,almeida_Hyst
0.1622778143515137,0.0883037793300895,0.2355329949237172,0.12377993283742153,0.9770575362793998,0.9309624565972064,0.028389824761284724,0.054021199544270836,almeida_Hyst_iClean
0.18171476532179398,0.0999374365782348,0.10214529687913883,0.8221761918209766,0.5872991123035376,0.5999874538845384,0.4348212348090278,0.054021199544270836,almeida_EntSeedGrow
0.0,0.0,0.0,0.0,0.9992042454579979,0.9452260335286298,0.0007527669270833334,0.054021199544270836,almeida_EntSeedGrow_iClean
0.0,0.0,0.0,0.0,0.9992042454579979,0.9452260335286298,0.0007527669270833334,0.054021199544270836,almeida_EntSeedGrow_FillGap
0.22454640009244267,0.12647269413525317,0.13262119686704704,0.7317578382447567,0.7266959518675906,0.7269694010416543,0.2980702718098958,0.054021199544270836,almeida_RegionGrow
0.34767596976271253,0.2104163368687335,0.29803358819697795,0.4171609704044135,0.9438903435903057,0.9154357910156095,0.07561408148871528,0.054021199544270836,fused_P10
0.16063631331867723,0.08733254575037619,0.2315876581154796,0.12296393936536956,0.9767008805274745,0.930580986870644,0.028683132595486112,0.054021199544270836,fused_P10_iClean
0.16063631331867723,0.08733254575037619,0.2315876581154796,0.12296393936536956,0.9767008805274745,0.930580986870644,0.028683132595486112,0.054021199544270836,fused_P10_FillGap
0.3553344585590662,0.21605271686287567,0.3363322963086588,0.3766123717162927,0.9575615500007894,0.9261779785156092,0.060490926106770836,0.054021199544270836,fused_P08
0.1557237335514748,0.0844362292051548,0.2822540781015964,0.10752283212500156,0.9843860054734832,0.9370168050130049,0.020579020182291668,0.054021199544270836,fused_P08_iClean
0.35781954247804104,0.2178929488772438,0.39057626615164465,0.33013212817364024,0.9705839655459616,0.9359859890407827,0.045661078559027776,0.054021199544270836,fused_Entropy
0.3460533729446876,0.20922886342517666,0.2922840641155352,0.42406553055254553,0.9413632852475183,0.9134182400173456,0.07837761773003472,0.054021199544270836,fused_Hyst
0.16417851187164215,0.08943054263899271,0.22340483008254178,0.1297743464205725,0.9742383428232264,0.9286193847656092,0.031380547417534724,0.054021199544270836,fused_Hyst_iClean
0.17898877862542673,0.0982908707670229,0.10042111958799635,0.8224900354640735,0.5792465781658471,0.5923868815104066,0.4424557156032986,0.054021199544270836,fused_EntSeedGrow
0.00042985661211568366,0.00021497451016515724,0.009915014164165509,0.0002196905501678374,0.998747224268345,0.9448055691189076,0.0011969672309027778,0.054021199544270836,fused_EntSeedGrow_iClean
0.00042985661211568366,0.00021497451016515724,0.009915014164165509,0.0002196905501678374,0.998747224268345,0.9448055691189076,0.0011969672309027778,0.054021199544270836,fused_EntSeedGrow_FillGap
0.21991507629134338,0.1235419014915136,0.1291607973822464,0.7395725449578697,0.7152453307668328,0.7165595160590156,0.3093244764539931,0.054021199544270836,fused_RegionGrow
0.4561682961660365,0.2954779948055119,0.37125614662486117,0.5914399658166246,0.9499234521308622,0.9328545464409563,0.07585313585069445,0.047614203559027776,gabor_P10
0.014187976671149006,0.007144672559372189,0.03337730870707998,0.009008688221047924,0.9869565991383739,0.9403923882378312,0.012851291232638888,0.047614203559027776,gabor_P10_iClean
0.014187976671149006,0.007144672559372189,0.03337730870707998,0.009008688221047924,0.9869565991383739,0.9403923882378312,0.012851291232638888,0.047614203559027776,gabor_P10_FillGap
0.4835619011834674,0.31888007928635637,0.4314930710772152,0.5499216635804907,0.9637768362587502,0.9440714518229006,0.06068250868055555,0.047614203559027776,gabor_P08
0.04204025889197731,0.021471462364280505,0.12647374062142466,0.025210084033604467,0.9912949051162283,0.9452955457899145,0.009490966796875,0.047614203559027776,gabor_P08_iClean
0.4958725172855345,0.3296745275810295,0.5365358312262044,0.46093861273306475,0.980093993662531,0.9553748236761991,0.04090542263454861,0.047614203559027776,gabor_Entropy
0.25558613477967124,0.14651691314514365,0.15238108287715704,0.7919811992590827,0.7797539787089974,0.7803361680772437,0.24746873643663195,0.047614203559027776,gabor_Hyst
0.0024958628360591153,0.0012494906967265382,0.00524097071891849,0.0016379433129178045,0.9844572222024248,0.9376610649956438,0.014880710177951388,0.047614203559027776,gabor_Hyst_iClean
0.17939687272674246,0.09853705623115545,0.09979086706035609,0.8869106964816668,0.6000035603659949,0.613664415147559,0.4231804741753472,0.047614203559027776,gabor_EntSeedGrow
0.0,0.0,0.0,0.0,0.9992256203937586,0.9516482883029352,0.0007375081380208334,0.047614203559027776,gabor_EntSeedGrow_iClean
0.0,0.0,0.0,0.0,0.9992256203937586,0.9516482883029352,0.0007375081380208334,0.047614203559027776,gabor_EntSeedGrow_FillGap
0.22647738527565753,0.12769918093819108,0.13111620795106296,0.8305084745759754,0.7248477943532466,0.7298787434895709,0.3015950520833333,0.047614203559027776,gabor_RegionGrow
0.45766646975581354,0.2967363808030255,0.3725814749367275,0.5931135165928667,0.9500658667710872,0.9330698649088384,0.07579718695746528,0.047614203559027776,almeida_P10
0.2844421500935053,0.16580154968776406,0.35921116966351974,0.23543654750027224,0.9790027414818069,0.9435984293619631,0.031207614474826388,0.047614203559027776,almeida_P10_iClean
0.2844421500935053,0.16580154968776406,0.35921116966351974,0.23543654750027224,0.9790027414818069,0.9435984293619631,0.031207614474826388,0.047614203559027776,almeida_P10_FillGap
0.46788516656479073,0.30538518155047734,0.4176429470151216,0.5318686796750706,0.9629223484174001,0.9423980712890465,0.06063673231336805,0.047614203559027776,almeida_P08
0.5136758834283903,0.34560152641083913,0.5395469154187742,0.49017234012231514,0.9790864100829391,0.9558071560329698,0.04325697157118055,0.047614203559027776,almeida_P08_iClean
0.4662373505059018,0.3039827255277648,0.4396391281030757,0.4962612163507704,0.9683768291380181,0.9458974202473798,0.053746541341145836,0.047614203559027776,almeida_Entropy
0.46271380671442036,0.30099392600767516,0.3838822507569699,0.5822888477422795,0.9532773169081612,0.935612996419255,0.0722232394748264,0.047614203559027776,almeida_Hyst
0.28325258150082583,0.16499374249733995,0.3685321467280686,0.2300242130749786,0.9802951543418489,0.9445716010199492,0.029719034830729168,0.047614203559027776,almeida_Hyst_iClean
0.1852902686196897,0.10210463161993054,0.10308186620777213,0.9150405925078638,0.6019528607540748,0.6168602837456493,0.4226633707682292,0.047614203559027776,almeida_EntSeedGrow
0.0,0.0,0.0,0.0,0.9968099120589419,0.9493476019965117,0.0030381944444444445,0.047614203559027776,almeida_EntSeedGrow_iClean
0.0,0.0,0.0,0.0,0.9968099120589419,0.9493476019965117,0.0030381944444444445,0.047614203559027776,almeida_EntSeedGrow_FillGap
0.2596608255057376,0.14920127599908467,0.15267500798836187,0.8676826662865448,0.7592498308826012,0.7644127739800217,0.2706010606553819,0.047614203559027776,almeida_RegionGrow
0.47093893811381676,0.30799223775464335,0.38337321911825206,0.610347528841828,0.9509203546124372,0.9347042507595328,0.07580396864149305,0.047614203559027776,fused_P10
0.04669742320241738,0.02390690707989403,0.1112004287243955,0.029554194559169078,0.988190265959323,0.9425455729166506,0.012654622395833334,0.047614203559027776,fused_P10_iClean
0.04669742320241738,0.02390690707989403,0.1112004287243955,0.029554194559169078,0.988190265959323,0.9425455729166506,0.012654622395833334,0.047614203559027776,fused_P10_FillGap
0.49031368925493085,0.32477852237591553,0.4376415331710594,0.5573992308785937,0.9641916188984055,0.944822523328977,0.060643513997395836,0.047614203559027776,fused_P08
0.07137464428826548,0.03700803998914842,0.1934214667922672,0.04376157242556482,0.9908765621105673,0.9457804361979006,0.010772705078125,0.047614203559027776,fused_P08_iClean
0.4951114719712279,0.3290020906862557,0.4715795579040821,0.5211152257511319,0.9708067789368574,0.9493950737847061,0.05261569552951389,0.047614203559027776,fused_Entropy
0.4830767878849305,0.3184583003455851,0.4102997885308098,0.5872382851443572,0.9578043222843138,0.9401601155598799,0.06814744737413195,0.047614203559027776,fused_Hyst
0.07794718815598334,0.040554134452320714,0.17376847290618994,0.050242130750587435,0.988056752234112,0.9434034559461646,0.013766818576388888,0.047614203559027776,fused_Hyst_iClean
0.18727372780721654,0.10331053876141978,0.10423484274498636,0.9209514314196977,0.6043222843308185,0.619398328993045,0.4206882052951389,0.047614203559027776,fused_EntSeedGrow
0.0,0.0,0.0,0.0,0.9988571225121764,0.9512973361544977,0.0010884602864583333,0.047614203559027776,fused_EntSeedGrow_iClean
0.0,0.0,0.0,0.0,0.9988571225121764,0.9512973361544977,0.0010884602864583333,0.047614203559027776,fused_EntSeedGrow_FillGap
0.24783101873140154,0.1414424187283397,0.14467577402612034,0.863552200540926,0.744760921422709,0.7504170735676956,0.2842034233940972,0.047614203559027776,fused_RegionGrow
0.40320943888936056,0.25251241378137296,0.33394594109992964,0.5087234115195095,0.9469827932243134,0.9252200656466857,0.07564629448784722,0.049657185872395836,gabor_P10
0.0739161336176067,0.038376383763827154,0.1613793103446421,0.04793608521969069,0.9869838636302641,0.9403533935546715,0.014750162760416666,0.049657185872395836,gabor_P10_iClean
0.0739161336176067,0.038376383763827154,0.1613793103446421,0.04793608521969069,0.9869838636302641,0.9403533935546715,0.014750162760416666,0.049657185872395836,gabor_P10_FillGap
0.4176476924733519,0.2639410265885547,0.38017593993377596,0.4633138721019962,0.9605305645499217,0.9358401828341855,0.060516357421875,0.049657185872395836,gabor_P08
0.32318081313114816,0.1927344436788252,0.38791124713064845,0.27696404793599066,0.9771646730355646,0.9423946804470326,0.035454644097222224,0.049657185872395836,gabor_P08_iClean
0.4072166914596622,0.2556635854206965,0.46126593216657535,0.36450544573035454,0.977755180318785,0.9473029242621367,0.039240519205729164,0.049657185872395836,gabor_Entropy
0.20093649250293394,0.11168949382030731,0.1148082630370845,0.8043634128851089,0.6759453022558685,0.6823221842447801,0.3479054768880208,0.049657185872395836,gabor_Hyst
0.0,0.0,0.0,0.0,0.9881827182958961,0.9391123453775883,0.01123046875,0.049657185872395836,gabor_Hyst_iClean
0.1752230013149297,0.09602433691415169,0.09752141439263076,0.8621666837376277,0.5831018580463203,0.5969594319661357,0.4390089246961806,0.049657185872395836,gabor_EntSeedGrow
0.0,0.0,0.0,0.0,0.9983729829537674,0.9487965901692548,0.0015462239583333333,0.049657185872395836,gabor_EntSeedGrow_iClean
0.0,0.0,0.0,0.0,0.9983729829537674,0.9487965901692548,0.0015462239583333333,0.049657185872395836,gabor_EntSeedGrow_FillGap
0.21428309699167242,0.11999835843558296,0.12374166177348993,0.7986616135747896,0.704484108931633,0.7091606987847102,0.3205006917317708,0.049657185872395836,gabor_RegionGrow
0.4300891902499181,0.2739577226800452,0.3562715816851975,0.5424903547405024,0.9487828592326804,0.9286075168185606,0.07561238606770833,0.049657185872395836,almeida_P10
0.49333062283999857,0.32743124026978154,0.45510675129819533,0.5385639659938753,0.9663071886679517,0.945066663953977,0.05876329210069445,0.049657185872395836,almeida_P10_iClean
0.49333062283999857,0.32743124026978154,0.45510675129819533,0.5385639659938753,0.9663071886679517,0.945066663953977,0.05876329210069445,0.049657185872395836,almeida_P10_FillGap
0.43880739452330586,0.2810719144991854,0.39951791019664795,0.4866673495167173,0.9617793714932883,0.9381866455077966,0.06048923068576389,0.049657185872395836,almeida_P08
0.49497739829222664,0.32888369764717673,0.5214482784683769,0.47106422206272963,0.9774108664043998,0.95226711697047,0.04485914442274305,0.049657185872395836,almeida_P08_iClean
0.4403768145092963,0.28236103348947117,0.4325463466033019,0.448496022397334,0.969256157064216,0.9433966742621368,0.051488240559895836,0.049657185872395836,almeida_Entropy
0.4387489536564282,0.2810239613186951,0.39581502636193,0.492130151251155,0.9607482137600514,0.9374779595268938,0.06174045138888889,0.049657185872395836,almeida_Hyst
0.4969458681456686,0.33062406576972847,0.5113607629229089,0.4833213834543742,0.9758676978243824,0.9514092339409561,0.04693433973524305,0.049657185872395836,almeida_Hyst_iClean
0.18501775799631995,0.10193915605040108,0.10302611557928985,0.9062105227215316,0.587747419875644,0.6035614013671773,0.4367811414930556,0.049657185872395836,almeida_EntSeedGrow
0.0,0.0,0.0,0.0,0.9976379708671002,0.9480980767143936,0.0022447374131944445,0.049657185872395836,almeida_EntSeedGrow_iClean
0.0,0.0,0.0,0.0,0.9976379708671002,0.9480980767143936,0.0022447374131944445,0.049657185872395836,almeida_EntSeedGrow_FillGap
0.2451815505397328,0.13971904080171013,0.14316576032455586,0.8530164908324446,0.7332423488274464,0.7391899956597097,0.2958696153428819,0.049657185872395836,almeida_RegionGrow
0.4350097444780702,0.27796322880808794,0.3603444023407789,0.5487042917134253,0.9491057650280366,0.9292229546440814,0.07561408148871528,0.049657185872395836,fused_P10
0.34893548191424234,0.21133970120004622,0.4278135845312703,0.29461572604039243,0.9794107415237053,0.9454057481553659,0.03419664171006945,0.049657185872395836,fused_P10_iClean
0.34893548191424234,0.21133970120004622,0.4278135845312703,0.29461572604039243,0.9794107415237053,0.9454057481553659,0.03419664171006945,0.049657185872395836,fused_P10_FillGap
0.4504371382833933,0.29068658614107384,0.4101011799656913,0.49957321861432635,0.9624519432327872,0.9394666883680396,0.060490926106770836,0.049657185872395836,fused_P08
0.5019282008132622,0.33504949568221315,0.5157606542020549,0.4888183276996521,0.9760193386675056,0.9518263075086644,0.047063191731770836,0.049657185872395836,fused_P08_iClean
0.4524924864419395,0.29240083326093824,0.44516022464471583,0.4600703335721738,0.9700375534087796,0.9447140163845326,0.051320393880208336,0.049657185872395836,fused_Entropy
0.44348186587747945,0.2849191770756273,0.3814618070925234,0.5295844856428934,0.9551303665248209,0.9339989556206438,0.068939208984375,0.049657185872395836,fused_Hyst
0.38767681139454513,0.24044609302546724,0.4573855723700411,0.3364061593088407,0.9791467080556793,0.9472300211588381,0.036522759331597224,0.049657185872395836,fused_Hyst_iClean
0.1801459275012418,0.09898921579678732,0.1000968900203241,0.8994503055751649,0.5774733067515753,0.5934617784288093,0.4462093777126736,0.049657185872395836,fused_EntSeedGrow
0.0,0.0,0.0,0.0,0.9989510021675542,0.9493459065755048,0.0009969075520833333,0.049657185872395836,fused_EntSeedGrow_iClean
0.0,0.0,0.0,0.0,0.9989510021675542,0.9493459065755048,0.0009969075520833333,0.049657185872395836,fused_EntSeedGrow_FillGap
0.23591677006775622,0.1337333556970651,0.1371254528407533,0.8439004404381016,0.722525801243442,0.7285529242621405,0.3056013319227431,0.049657185872395836,fused_RegionGrow
0.3515278856254889,0.21324466611245715,0.2580414422066169,0.5512367491163446,0.941652223132373,0.9277903238932134,0.0758480495876736,0.03550550672743055,gabor_P10
0.2680300565496248,0.15475445030856824,0.2918189485519866,0.247827332632868,0.977860083461931,0.9519399007161297,0.030153062608506944,0.03550550672743055,gabor_P10_iClean
0.2680300565496248,0.15475445030856824,0.2918189485519866,0.247827332632868,0.977860083461931,0.9519399007161297,0.030153062608506944,0.03550550672743055,gabor_P10_FillGap
0.36851104334484347,0.2258740654306094,0.29207298331881526,0.4991404832391848,0.9554635231910843,0.9392615424261993,0.060677422417534724,0.03550550672743055,gabor_P08
0.42251680751956366,0.26784235136933393,0.37816425849761265,0.4786553337787801,0.9710256257009191,0.9535437689886991,0.04494052463107639,0.03550550672743055,gabor_P08_iClean
0.35468297392974807,0.21557120500775986,0.36829657051757503,0.34203991977827236,0.9784032541018879,0.9558088514539769,0.0329742431640625,0.03550550672743055,gabor_Entropy
0.12440425919485569,0.06632786398920494,0.06683796393504227,0.8968102377992089,0.5390748872349531,0.551776462131067,0.4764014350043403,0.03550550672743055,gabor_Hyst
0.0,0.0,0.0,0.0,0.9997363249320421,0.9642401801215114,0.0002543131510416667,0.03550550672743055,gabor_Hyst_iClean
0.13347484975831767,0.07150980512694137,0.07215575594513216,0.8887403304360191,0.5792976399323484,0.5902845594617956,0.4373202853732639,0.03550550672743055,gabor_EntSeedGrow
0.0,0.0,0.0,0.0,0.9997503876023323,0.9642537434895669,0.00024074978298611112,0.03550550672743055,gabor_EntSeedGrow_iClean
0.0,0.0,0.0,0.0,0.9997503876023323,0.9642537434895669,0.00024074978298611112,0.03550550672743055,gabor_EntSeedGrow_FillGap
0.16116532654728777,0.08764535978901983,0.08921111968953582,0.8331582465854106,0.6868717941506202,0.6920657687716897,0.3315921359592014,0.03550550672743055,gabor_RegionGrow
0.3562169654688647,0.21670558582597269,0.2615357086939405,0.5583516378566715,0.9419633597125424,0.9283430311414773,0.07580057779947917,0.03550550672743055,almeida_P10
0.4130450528754866,0.26027522307668816,0.3326818738695722,0.5445993696874488,0.9597860364715185,0.9450446234808867,0.05812242296006945,0.03550550672743055,almeida_P10_iClean
0.4130450528754866,0.26027522307668816,0.3326818738695722,0.5445993696874488,0.9597860364715185,0.9450446234808867,0.05812242296006945,0.03550550672743055,almeida_P10_FillGap
0.36907721878354954,0.2262996280598075,0.2925881399054177,0.4997134944129024,0.9555232895398175,0.9393395317925187,0.06064012315538195,0.03550550672743055,almeida_P08
0.4252381960617351,0.27003334408941865,0.38199939135712796,0.47951485053935655,0.9714422323082648,0.95397610134547,0.04456922743055555,0.03550550672743055,almeida_P08_iClean
0.36274466290880064,0.2215565615765617,0.3388474295189308,0.3902683602328382,0.971967824610359,0.9513142903645672,0.0408935546875,0.03550550672743055,almeida_Entropy
0.2025590584660274,0.11269302583769979,0.11492367369781378,0.8530703848720976,0.7581466806824481,0.7615169949001607,0.2635548909505208,0.03550550672743055,almeida_Hyst
0.015608502042873892,0.007865636422521662,0.015028288543133385,0.016235316588665727,0.9608284319067757,0.9272901746961648,0.03835720486111111,0.03550550672743055,almeida_Hyst_iClean
0.14071045196713775,0.07567968749999704,0.07614608225380155,0.9251265399670876,0.5868071058672872,0.5988193088107537,0.4313693576388889,0.03550550672743055,almeida_EntSeedGrow
0.0,0.0,0.0,0.0,0.9984724424397151,0.9630211724175184,0.0014733208550347222,0.03550550672743055,almeida_EntSeedGrow_iClean
0.0,0.0,0.0,0.0,0.9984724424397151,0.9630211724175184,0.0014733208550347222,0.03550550672743055,almeida_EntSeedGrow_FillGap
0.18522743332457525,0.10206647197885678,0.10356018105676064,0.8761818355453748,0.7207979862256018,0.7263149685329738,0.3003980848524306,0.03550550672743055,almeida_RegionGrow
0.3674022631394028,0.2250415119684649,0.2697287506428432,0.5759717314484882,0.9425944220418129,0.9295772976345328,0.0758175320095486,0.03550550672743055,fused_P10
0.4321242576518169,0.2756112911120311,0.34999851996555964,0.5646070098364222,0.961399727887313,0.9473114013671714,0.057276407877604164,0.03550550672743055,fused_P10_iClean
0.4321242576518169,0.2756112911120311,0.34999851996555964,0.5646070098364222,0.961399727887313,0.9473114013671714,0.057276407877604164,0.03550550672743055,fused_P10_FillGap
0.3846113158311645,0.23809211962448418,0.3048777078964906,0.5208194059781679,0.956286189403058,0.9408247205946021,0.0606536865234375,0.03550550672743055,fused_P08
0.4454419742579629,0.28653930370038144,0.4016805432987754,0.49990449813747495,0.9725883399369118,0.9558054606119629,0.04418775770399305,0.03550550672743055,fused_P08_iClean
0.37655710640843054,0.23194970879164525,0.3954086993063693,0.3594212587143733,0.9797690909538185,0.9577433268229004,0.03227403428819445,0.03550550672743055,fused_Entropy
0.161731088037686,0.08798010290292153,0.08899643745378345,0.8851112596691408,0.6664651017258295,0.6742282443576274,0.353118896484375,0.03550550672743055,fused_Hyst
0.0,0.0,0.0,0.0,0.9915325146515271,0.9563276502821019,0.008166842990451388,0.03550550672743055,fused_Hyst_iClean
0.1357684912776447,0.0728281281817263,0.07327826618150635,0.9222137331673563,0.5706596447066251,0.5831417507595387,0.4468400743272569,0.03550550672743055,fused_EntSeedGrow
0.0,0.0,0.0,0.0,0.9992265531340243,0.9637485080294975,0.0007459852430555555,0.03550550672743055,fused_EntSeedGrow_iClean
0.0,0.0,0.0,0.0,0.9992265531340243,0.9637485080294975,0.0007459852430555555,0.03550550672743055,fused_EntSeedGrow_FillGap
0.17681279666575767,0.09698005577397793,0.09834086348074723,0.8751313150602258,0.7046223997243592,0.7106764051649185,0.3159620496961806,0.03550550672743055,fused_RegionGrow
0.4503443029084866,0.2906092648539413,0.5168700324637823,0.3989906845715769,0.9594351486851349,0.9044562445746375,0.0757259792751736,0.0980987548828125,gabor_P10
0.4699527903188746,0.30714920908670307,0.5822286925649166,0.3939786730266684,0.969251620883389,0.9128180609808872,0.06638081868489583,0.0980987548828125,gabor_P10_iClean
0.4699527903188746,0.30714920908670307,0.5822286925649166,0.3939786730266684,0.969251620883389,0.9128180609808872,0.06638081868489583,0.0980987548828125,gabor_P10_FillGap
0.4202878420394239,0.2660534325329366,0.5504309862306755,0.33991807953537967,0.9698024110699246,0.9080115424261999,0.06058078342013889,0.0980987548828125,gabor_P08
0.4269431474869053,0.2714098646878697,0.6318463570773187,0.32239332192663067,0.979568127858498,0.9151000976562345,0.050053914388020836,0.0980987548828125,gabor_P08_iClean
0.3662062242932448,0.22414470524887964,0.5865351662158385,0.2662069442283635,0.979588805988368,0.9096069335937346,0.04452345106336805,0.0980987548828125,gabor_Entropy
0.48299618273199774,0.3183882447981138,0.46362827075311364,0.5040528162319172,0.9365726563689404,0.8941429985893945,0.10665215386284722,0.0980987548828125,gabor_Hyst
0.04053823351387635,0.020688453435135413,0.19872185027358685,0.022571334750518906,0.9901008152822472,0.8951873779296723,0.011142306857638888,0.0980987548828125,gabor_Hyst_iClean
0.2968375937547743,0.17428613540688667,0.18036824423617853,0.8378873507196838,0.5858584149649395,0.6105821397569341,0.4557105170355903,0.0980987548828125,gabor_EntSeedGrow
0.0,0.0,0.0,0.0,0.9992255100448527,0.9012027316623111,0.0006985134548611111,0.0980987548828125,gabor_EntSeedGrow_iClean
0.0,0.0,0.0,0.0,0.9992255100448527,0.9012027316623111,0.0006985134548611111,0.0980987548828125,gabor_EntSeedGrow_FillGap
0.35838010548411253,0.21830882208563793,0.23366504140219863,0.7686178946093624,0.7258173970745949,0.7300160725911334,0.3226860894097222,0.0980987548828125,gabor_RegionGrow
0.4661808177480741,0.3039346639697358,0.535215053763321,0.41292062010673636,0.960997287405309,0.9072316487630054,0.07568359375,0.0980987548828125,almeida_P10
0.4838665844403755,0.319145122371552,0.612166093625863,0.40002765247742006,0.9724341730533708,0.9162818060980747,0.06410386827256945,0.0980987548828125,almeida_P10_iClean
0.4838665844403755,0.319145122371552,0.612166093625863,0.40002765247742006,0.9724341730533708,0.9162818060980747,0.06410386827256945,0.0980987548828125,almeida_P10_FillGap
0.42285702072174425,0.26811584382492404,0.5539874551969776,0.34192288415334304,0.9700580679483165,0.9084387885199499,0.060546875,0.0980987548828125,almeida_P08
0.433766680029731,0.2769489542196465,0.6430851786439875,0.3272497882856627,0.9802448666542414,0.9161868625216858,0.049919976128472224,0.0980987548828125,almeida_P08_iClean
0.4258001424364695,0.27048671132234897,0.5530428539870353,0.3461571697688692,0.969571191981379,0.9084150526258526,0.0614013671875,0.0980987548828125,almeida_Entropy
0.49559967997668053,0.32943337845673837,0.5228366998521949,0.4710599540276748,0.9532392290441073,0.9059380425347069,0.08838399251302083,0.0980987548828125,almeida_Hyst
0.1678145618705626,0.09159256392840466,0.5154208514794103,0.100222948099739,0.9897511669044465,0.9024895562065819,0.019075181749131944,0.0980987548828125,almeida_Hyst_iClean
0.34001359690067623,0.20482914574832928,0.20942290893644827,0.9032681771830935,0.6291133029928655,0.6560075547959958,0.4231126573350694,0.0980987548828125,almeida_EntSeedGrow
0.0,0.0,0.0,0.0,0.9986070459787428,0.9006449381510264,0.0012563069661458333,0.0980987548828125,almeida_EntSeedGrow_iClean
0.0,0.0,0.0,0.0,0.9986070459787428,0.9006449381510264,0.0012563069661458333,0.0980987548828125,almeida_EntSeedGrow_FillGap
0.4471261679027769,0.28793464005953,0.30433072341061296,0.8423808783116707,0.7905549822073943,0.795639038085924,0.2715352376302083,0.0980987548828125,almeida_RegionGrow
0.47331148308552096,0.3100249185355172,0.5432986227744837,0.4192979727276716,0.9616627472211232,0.9084574381510262,0.07570902506510417,0.0980987548828125,fused_P10
0.4938432971295871,0.32788307895747315,0.6176501115780223,0.41138245104640236,0.9723007051242103,0.9172753228081442,0.065338134765625,0.0980987548828125,fused_P10_iClean
0.4938432971295871,0.32788307895747315,0.6176501115780223,0.41138245104640236,0.9723007051242103,0.9172753228081442,0.065338134765625,0.0980987548828125,fused_P10_FillGap
0.4344880644540386,0.27753736946279745,0.5690972708185951,0.3513765748949463,0.9710618971620024,0.9102715386284568,0.060568915473090276,0.0980987548828125,fused_P08
0.44309068300301824,0.2845963333674862,0.6517653376289932,0.3356319455245614,0.9804948840426687,0.9172346327039775,0.050516764322916664,0.0980987548828125,fused_P08_iClean
0.41855762996819684,0.2646682787181044,0.5746484822881617,0.32915089611304177,0.9735000366566664,0.9102901882595331,0.056189643012152776,0.0980987548828125,fused_Entropy
0.5138043986897083,0.3457178841309428,0.5059992626603703,0.5218540986155576,0.9445844917785458,0.9031151665581444,0.10117255316840278,0.0980987548828125,fused_Hyst
0.07614576207946083,0.03957979797979159,0.37892619526477034,0.042325573356830626,0.9924543624274433,0.8992479112413042,0.010957505967881944,0.0980987548828125,fused_Hyst_iClean
0.3219077584461201,0.19182959701192584,0.1963449670142509,0.8929503465199543,0.6024591935905204,0.6309560139973851,0.4461398654513889,0.0980987548828125,fused_EntSeedGrow
0.0,0.0,0.0,0.0,0.9985468914191212,0.9005906846788042,0.0013105604383680555,0.0980987548828125,fused_EntSeedGrow_iClean
0.0,0.0,0.0,0.0,0.9985468914191212,0.9005906846788042,0.0013105604383680555,0.0980987548828125,fused_EntSeedGrow_FillGap
0.41047908154332435,0.25824075466831453,0.2725762369725063,0.830801403363089,0.7588422503068679,0.7659013536241189,0.2990010579427083,0.0980987548828125,fused_RegionGrow
0.32372790909371196,0.19312372427479016,0.2298827515491441,0.547050710799625,0.9394909032316656,0.926947699652762,0.07605997721354167,0.031962076822916664,gabor_P10
0.07473705213349066,0.038819140116060996,0.08077136344028046,0.06954169318901467,0.9738691214280039,0.9449649386935604,0.027518378363715276,0.031962076822916664,gabor_P10_iClean
0.07473705213349066,0.038819140116060996,0.08077136344028046,0.06954169318901467,0.9738691214280039,0.9449649386935604,0.027518378363715276,0.031962076822916664,gabor_P10_FillGap
0.354060867341282,0.21511176222498612,0.2700195040400474,0.5140568639929376,0.9541150879552596,0.9400499131944284,0.06084865993923611,0.031962076822916664,gabor_P08
0.41859640569937767,0.2646992881564193,0.359467174119749,0.5010078506256626,0.9705239486349423,0.9555172390407823,0.044547186957465276,0.031962076822916664,gabor_P08_iClean
0.4128857740070045,0.2601487449642624,0.49093567251426096,0.35624867388056636,0.9878032548005683,0.9676174587673447,0.023193359375,0.031962076822916664,gabor_Entropy
0.11051764285641702,0.05849096311409417,0.059007473992160435,0.8698281349454329,0.5420108166424878,0.5524885389539836,0.4711524115668403,0.031962076822916664,gabor_Hyst
0.0,0.0,0.0,0.0,0.999253903869174,0.9673156738281086,0.0007222493489583334,0.031962076822916664,gabor_Hyst_iClean
0.11483520164745054,0.06091520579410634,0.06150632514533059,0.8637279864200808,0.5648578213992881,0.5744103325737749,0.4488406711154514,0.031962076822916664,gabor_EntSeedGrow
0.0,0.0,0.0,0.0,0.9976934070322012,0.9658050537109211,0.0022328694661458335,0.031962076822916664,gabor_EntSeedGrow_iClean
0.0,0.0,0.0,0.0,0.9976934070322012,0.9658050537109211,0.0022328694661458335,0.031962076822916664,gabor_EntSeedGrow_FillGap
0.13987086697624473,0.07519417039013628,0.07665265571264417,0.7980585614254201,0.6825938925201116,0.6862843831380092,0.3327687581380208,0.031962076822916664,gabor_RegionGrow
0.32753828032974835,0.19584201926865444,0.23264841710723677,0.5531508593249771,0.9397606187343522,0.9274037679036301,0.07599385579427083,0.031962076822916664,almeida_P10
0.4091458014651781,0.2571862348177487,0.3296574987025397,0.5391470401015599,0.9638020778601935,0.9502292209201227,0.05227322048611111,0.031962076822916664,almeida_P10_iClean
0.4091458014651781,0.2571862348177487,0.3296574987025397,0.5391470401015599,0.9638020778601935,0.9502292209201227,0.05227322048611111,0.031962076822916664,almeida_P10_FillGap
0.3478340339973775,0.21053213851085065,0.26535222265595815,0.5047209845106595,0.9538628864462538,0.9395073784722062,0.06079440646701389,0.031962076822916664,almeida_P08
0.43064916637095174,0.2744122965641126,0.38855460248351104,0.4829726288985344,0.9749059498539162,0.9591827392577962,0.039728800455729164,0.031962076822916664,almeida_P08_iClean
0.36525055620291025,0.2234290750725261,0.3040962495147641,0.45719287078269827,0.9654553988636752,0.9492102728949492,0.04805331759982639,0.031962076822916664,almeida_Entropy
0.3433359795359719,0.20724538910418555,0.2572093146194441,0.5161786547843644,0.9507821749577746,0.936891343858491,0.06414286295572917,0.031962076822916664,almeida_Hyst
0.4255280695808369,0.27026716790533756,0.3705977255733795,0.49957564184144937,0.9719863671073017,0.9568871392143935,0.043085734049479164,0.031962076822916664,almeida_Hyst_iClean
0.12282014305282535,0.0654280103199944,0.06590026723137948,0.9012836834283358,0.5781964789867002,0.5885230170355803,0.4371287027994792,0.031962076822916664,almeida_EntSeedGrow
0.0,0.0,0.0,0.0,0.989731545504841,0.9580976698133518,0.009940253363715278,0.031962076822916664,almeida_EntSeedGrow_iClean
0.0,0.0,0.0,0.0,0.989731545504841,0.9580976698133518,0.009940253363715278,0.031962076822916664,almeida_EntSeedGrow_FillGap
0.1583898512319076,0.08600617852690444,0.08741950233298146,0.841767451728813,0.7098666834800882,0.7140825059678698,0.3077646891276042,0.031962076822916664,almeida_RegionGrow
0.3422730270388559,0.20647129027976463,0.24309675692549337,0.5781349458940281,0.940566262443676,0.9289822048610954,0.07601250542534722,0.031962076822916664,fused_P10
0.41519961519953535,0.2619885880781202,0.32575551731415464,0.57235306598739,0.9608859979123151,0.9484676784939076,0.056157430013020836,0.031962076822916664,fused_P10_iClean
0.41519961519953535,0.2619885880781202,0.32575551731415464,0.57235306598739,0.9608859979123151,0.9484676784939076,0.056157430013020836,0.031962076822916664,fused_P10_FillGap
0.37168076901983377,0.2282603815936637,0.2835196698914647,0.5394122639504882,0.9549925390386752,0.9417097303602271,0.06080966525607639,0.031962076822916664,fused_P08
0.44323375132253245,0.28471438900931756,0.3850275746077424,0.5221727137701452,0.9724627477354235,0.9580705430772407,0.04334682888454861,0.031962076822916664,fused_P08_iClean
0.41540045093608097,0.2621485353706387,0.38606960641381827,0.44955442393356165,0.9763963907161651,0.9595574273003309,0.03721788194444445,0.031962076822916664,fused_Entropy
0.14680226491742387,0.07921565094665009,0.08043295982925118,0.8395926161676004,0.6830720245476015,0.6880747477213425,0.3336334228515625,0.031962076822916664,fused_Hyst
0.0,0.0,0.0,0.0,0.9874932571124155,0.9559309217664769,0.012107001410590278,0.031962076822916664,fused_Hyst_iClean
0.12029678811992205,0.06399775632643691,0.0644781909754946,0.8957139826008403,0.5709054034173204,0.5812869601779416,0.4440087212456597,0.031962076822916664,fused_EntSeedGrow
0.0015732728702968057,0.0007872557191808895,0.006161652772721415,0.0009017610863564068,0.9951976629326658,0.9634179009331434,0.004677666558159722,0.031962076822916664,fused_EntSeedGrow_iClean
0.0015732728702968057,0.0007872557191808895,0.006161652772721415,0.0009017610863564068,0.9951976629326658,0.9634179009331434,0.004677666558159722,0.031962076822916664,fused_EntSeedGrow_FillGap
0.15164753652227211,0.08204470712092593,0.08339646431200919,0.8350307659660328,0.6969746327315403,0.70138719346787,0.3200293646918403,0.031962076822916664,fused_RegionGrow
0.3077434824187735,0.1818539206211106,0.2470295046948852,0.4080267558526928,0.9398522968637356,0.9153188069661303,0.07619561089409722,0.04613071017795139,gabor_P10
0.2096798998176045,0.1171186648668261,0.2606510814942863,0.17538314528274637,0.9759409187454835,0.9390106201171715,0.031039767795138888,0.04613071017795139,gabor_P10_iClean
0.2096798998176045,0.1171186648668261,0.2606510814942863,0.17538314528274637,0.9759409187454835,0.9390106201171715,0.031039767795138888,0.04613071017795139,gabor_P10_FillGap
0.32035084386176493,0.19072485625408792,0.28139515478533605,0.37182549891566324,0.9540787216835499,0.9272189670138732,0.06095547146267361,0.04613071017795139,gabor_P08
0.20151058893217125,0.11204435660954326,0.3068019541523436,0.15002388915426879,0.9836069070323226,0.9451531304253312,0.022557576497395832,0.04613071017795139,gabor_P08_iClean
0.29280278632593987,0.17151081549377578,0.4171991842281324,0.2255503693629955,0.984762226389254,0.9497392442491158,0.024939643012152776,0.04613071017795139,gabor_Entropy
0.14694581199130913,0.07929925252170766,0.08075765415813076,0.8145099048106088,0.5516223349892813,0.5637495252821085,0.4652676052517361,0.04613071017795139,gabor_Hyst
0.0,0.0,0.0,0.0,0.9986829359330803,0.9526129828558866,0.0012563069661458333,0.04613071017795139,gabor_Hyst_iClean
0.15074958166853974,0.08151929028874191,0.08309583956087496,0.8112021757503726,0.567112501444139,0.5783725314670041,0.4503394232855903,0.04613071017795139,gabor_EntSeedGrow
0.0,0.0,0.0,0.0,0.9988517903006319,0.9527740478515463,0.001095241970486111,0.04613071017795139,gabor_EntSeedGrow_iClean
0.0,0.0,0.0,0.0,0.9988517903006319,0.9527740478515463,0.001095241970486111,0.04613071017795139,gabor_EntSeedGrow_FillGap
0.17324297785585513,0.09483635522173181,0.09841215844397037,0.7229960674774071,0.6796708228539822,0.6816694471571065,0.3389044867621528,0.04613071017795139,gabor_RegionGrow
0.3054095655429249,0.18022618287750117,0.24523427756987234,0.40471902679245664,0.939759871315181,0.9150780571831442,0.07613118489583333,0.04613071017795139,almeida_P10
0.25500030458702966,0.1461320052131479,0.2849169616116322,0.23076923076914596,0.971989726544778,0.9377966986761994,0.037363688151041664,0.04613071017795139,almeida_P10_iClean
0.25500030458702966,0.1461320052131479,0.2849169616116322,0.23076923076914596,0.971989726544778,0.9377966986761994,0.037363688151041664,0.04613071017795139,almeida_P10_FillGap
0.3158094815706024,0.18751410729061255,0.2775025052888661,0.3663861222388304,0.9538672093705117,0.926766289605019,0.060906304253472224,0.04613071017795139,almeida_P08
0.2902459413083967,0.16975888422836014,0.36149926023323936,0.24245654011531387,0.9792895674661894,0.9452989366319284,0.030939737955729168,0.04613071017795139,almeida_P08_iClean
0.31847646951102027,0.18939756936877872,0.3173606802670277,0.31960013230904494,0.9667534637362856,0.9368998209635258,0.046456231011284724,0.04613071017795139,almeida_Entropy
0.313313069908767,0.18575650544219244,0.2671089114041442,0.37884523503238676,0.9497293886583018,0.9233940972222066,0.06542799207899305,0.04613071017795139,almeida_Hyst
0.2941668758891342,0.17244762792518953,0.3414776315148679,0.2583703921495614,0.9759035930431826,0.9428032769097062,0.034903632269965276,0.04613071017795139,almeida_Hyst_iClean
0.16141886961889762,0.08779534770132151,0.08922567409825802,0.8456025579768292,0.5825653421966961,0.5946994357638788,0.4371863471137153,0.04613071017795139,almeida_EntSeedGrow
0.001472341022224822,0.0007367128573931812,0.01594533029600649,0.000771803447388448,0.9976964709437004,0.9517076280381783,0.0022328694661458335,0.04613071017795139,almeida_EntSeedGrow_iClean
0.001472341022224822,0.0007367128573931812,0.01594533029600649,0.000771803447388448,0.9976964709437004,0.9517076280381783,0.0022328694661458335,0.04613071017795139,almeida_EntSeedGrow_FillGap
0.19482342742998365,0.10792485920234107,0.11173434924751496,0.7599323753167114,0.7078321765327852,0.7102355957031129,0.3137461344401042,0.04613071017795139,almeida_RegionGrow
0.31896396333934374,0.18974248997835833,0.2561008193800641,0.4227277738981871,0.9406165850537056,0.9167260064018942,0.0761447482638889,0.04613071017795139,fused_P10
0.21725915752972574,0.12186805415232324,0.2803928405391211,0.17733103017377436,0.9779902775432404,0.9410552978515465,0.0291748046875,0.04613071017795139,fused_P10_iClean
0.21725915752972574,0.12186805415232324,0.2803928405391211,0.17733103017377436,0.9779902775432404,0.9410552978515465,0.0291748046875,0.04613071017795139,fused_P10_FillGap
0.32955859294567075,0.19728832843458857,0.2895630392428919,0.3823734793633054,0.9546297201460865,0.928231133355019,0.06091647677951389,0.04613071017795139,fused_P08
0.23571527553230273,0.13360387485269445,0.31717322394162645,0.18754823771539286,0.9804733254534455,0.9438951280381784,0.027277628580729168,0.04613071017795139,fused_P08_iClean
0.32958786468150214,0.1973093093092619,0.3629413584337076,0.3018486530191106,0.9743767940776379,0.9433525933159562,0.038365681966145836,0.04613071017795139,fused_Entropy
0.18797707731121693,0.10373879654474008,0.10742047985208898,0.7516630526661209,0.6979461976662424,0.7004241943359256,0.3227945963541667,0.04613071017795139,fused_Hyst
0.0003791229622139583,0.00018959742147500803,0.0013504388926370687,0.00022051527068241372,0.9921136123281286,0.9463568793402617,0.007532755533854167,0.04613071017795139,fused_Hyst_iClean
0.15648667458140048,0.0848850249269924,0.08624936539871439,0.8429196221835265,0.568123850235053,0.5808003743489485,0.4508378770616319,0.04613071017795139,fused_EntSeedGrow
0.0,0.0,0.0,0.0,0.9996374074633453,0.9535234239366157,0.0003458658854166667,0.04613071017795139,fused_EntSeedGrow_iClean
0.0,0.0,0.0,0.0,0.9996374074633453,0.9535234239366157,0.0003458658854166667,0.04613071017795139,fused_EntSeedGrow_FillGap
0.18791103262773298,0.1036985688954473,0.10723487367020719,0.7587195413279582,0.6945193427121442,0.6974809434678702,0.3263888888888889,0.04613071017795139,fused_RegionGrow
